_id,target,description
o-dang_ami_1,active,ami_target_desc_1
o-dang_ami_2,active,ami_target_desc_2
o-dang_ami_3,active,ami_target_desc_3
o-dang_ami_4,active,ami_target_desc_4
o-dang_ami_5,active,ami_target_desc_5
o-dang_ami_6,passive,ami_target_desc_6
o-dang_ami_7,active,ami_target_desc_7
o-dang_ami_8,active,ami_target_desc_8
o-dang_ami_9,active,ami_target_desc_9
o-dang_ami_10,active,ami_target_desc_10
o-dang_ami_11,active,ami_target_desc_11
o-dang_ami_12,active,ami_target_desc_12
o-dang_ami_13,passive,ami_target_desc_13
o-dang_ami_14,active,ami_target_desc_14
o-dang_ami_15,active,ami_target_desc_15
o-dang_ami_16,active,ami_target_desc_16
o-dang_ami_17,active,ami_target_desc_17
o-dang_ami_18,active,ami_target_desc_18
o-dang_ami_19,passive,ami_target_desc_19
o-dang_ami_20,active,ami_target_desc_20
o-dang_ami_21,active,ami_target_desc_21
o-dang_ami_22,active,ami_target_desc_22
o-dang_ami_23,active,ami_target_desc_23
o-dang_ami_24,active,ami_target_desc_24
o-dang_ami_25,active,ami_target_desc_25
o-dang_ami_26,active,ami_target_desc_26
o-dang_ami_27,active,ami_target_desc_27
o-dang_ami_28,active,ami_target_desc_28
o-dang_ami_29,passive,ami_target_desc_29
o-dang_ami_30,active,ami_target_desc_30
o-dang_ami_31,active,ami_target_desc_31
o-dang_ami_32,active,ami_target_desc_32
o-dang_ami_33,active,ami_target_desc_33
o-dang_ami_34,active,ami_target_desc_34
o-dang_ami_35,active,ami_target_desc_35
o-dang_ami_36,active,ami_target_desc_36
o-dang_ami_37,active,ami_target_desc_37
o-dang_ami_38,active,ami_target_desc_38
o-dang_ami_39,passive,ami_target_desc_39
o-dang_ami_40,passive,ami_target_desc_40
o-dang_ami_41,passive,ami_target_desc_41
o-dang_ami_42,active,ami_target_desc_42
o-dang_ami_43,active,ami_target_desc_43
o-dang_ami_44,active,ami_target_desc_44
o-dang_ami_45,active,ami_target_desc_45
o-dang_ami_46,active,ami_target_desc_46
o-dang_ami_47,active,ami_target_desc_47
o-dang_ami_48,active,ami_target_desc_48
o-dang_ami_49,active,ami_target_desc_49
o-dang_ami_50,active,ami_target_desc_50
o-dang_ami_51,active,ami_target_desc_51
o-dang_ami_52,active,ami_target_desc_52
o-dang_ami_53,passive,ami_target_desc_53
o-dang_ami_54,active,ami_target_desc_54
o-dang_ami_55,active,ami_target_desc_55
o-dang_ami_56,passive,ami_target_desc_56
o-dang_ami_57,active,ami_target_desc_57
o-dang_ami_58,active,ami_target_desc_58
o-dang_ami_59,active,ami_target_desc_59
o-dang_ami_60,active,ami_target_desc_60
o-dang_ami_61,active,ami_target_desc_61
o-dang_ami_62,passive,ami_target_desc_62
o-dang_ami_63,active,ami_target_desc_63
o-dang_ami_64,active,ami_target_desc_64
o-dang_ami_65,active,ami_target_desc_65
o-dang_ami_66,active,ami_target_desc_66
o-dang_ami_67,passive,ami_target_desc_67
o-dang_ami_68,active,ami_target_desc_68
o-dang_ami_69,active,ami_target_desc_69
o-dang_ami_70,active,ami_target_desc_70
o-dang_ami_71,active,ami_target_desc_71
o-dang_ami_72,passive,ami_target_desc_72
o-dang_ami_73,active,ami_target_desc_73
o-dang_ami_74,passive,ami_target_desc_74
o-dang_ami_75,active,ami_target_desc_75
o-dang_ami_76,active,ami_target_desc_76
o-dang_ami_77,active,ami_target_desc_77
o-dang_ami_78,active,ami_target_desc_78
o-dang_ami_79,active,ami_target_desc_79
o-dang_ami_80,active,ami_target_desc_80
o-dang_ami_81,active,ami_target_desc_81
o-dang_ami_82,passive,ami_target_desc_82
o-dang_ami_83,active,ami_target_desc_83
o-dang_ami_84,active,ami_target_desc_84
o-dang_ami_85,active,ami_target_desc_85
o-dang_ami_86,active,ami_target_desc_86
o-dang_ami_87,passive,ami_target_desc_87
o-dang_ami_88,active,ami_target_desc_88
o-dang_ami_89,active,ami_target_desc_89
o-dang_ami_90,active,ami_target_desc_90
o-dang_ami_91,active,ami_target_desc_91
o-dang_ami_92,active,ami_target_desc_92
o-dang_ami_93,active,ami_target_desc_93
o-dang_ami_94,passive,ami_target_desc_94
o-dang_ami_95,active,ami_target_desc_95
o-dang_ami_96,active,ami_target_desc_96
o-dang_ami_97,passive,ami_target_desc_97
o-dang_ami_98,active,ami_target_desc_98
o-dang_ami_99,active,ami_target_desc_99
o-dang_ami_100,active,ami_target_desc_100
o-dang_ami_101,active,ami_target_desc_101
o-dang_ami_102,active,ami_target_desc_102
o-dang_ami_103,active,ami_target_desc_103
o-dang_ami_104,active,ami_target_desc_104
o-dang_ami_105,active,ami_target_desc_105
o-dang_ami_106,active,ami_target_desc_106
o-dang_ami_107,active,ami_target_desc_107
o-dang_ami_108,active,ami_target_desc_108
o-dang_ami_109,active,ami_target_desc_109
o-dang_ami_110,active,ami_target_desc_110
o-dang_ami_111,active,ami_target_desc_111
o-dang_ami_112,active,ami_target_desc_112
o-dang_ami_113,active,ami_target_desc_113
o-dang_ami_114,active,ami_target_desc_114
o-dang_ami_115,active,ami_target_desc_115
o-dang_ami_116,active,ami_target_desc_116
o-dang_ami_117,active,ami_target_desc_117
o-dang_ami_118,active,ami_target_desc_118
o-dang_ami_119,passive,ami_target_desc_119
o-dang_ami_120,active,ami_target_desc_120
o-dang_ami_121,active,ami_target_desc_121
o-dang_ami_122,active,ami_target_desc_122
o-dang_ami_123,active,ami_target_desc_123
o-dang_ami_124,active,ami_target_desc_124
o-dang_ami_125,active,ami_target_desc_125
o-dang_ami_126,active,ami_target_desc_126
o-dang_ami_127,active,ami_target_desc_127
o-dang_ami_128,active,ami_target_desc_128
o-dang_ami_129,active,ami_target_desc_129
o-dang_ami_130,active,ami_target_desc_130
o-dang_ami_131,active,ami_target_desc_131
o-dang_ami_132,active,ami_target_desc_132
o-dang_ami_133,active,ami_target_desc_133
o-dang_ami_134,passive,ami_target_desc_134
o-dang_ami_135,active,ami_target_desc_135
o-dang_ami_136,active,ami_target_desc_136
o-dang_ami_137,active,ami_target_desc_137
o-dang_ami_138,active,ami_target_desc_138
o-dang_ami_139,active,ami_target_desc_139
o-dang_ami_140,active,ami_target_desc_140
o-dang_ami_141,passive,ami_target_desc_141
o-dang_ami_142,active,ami_target_desc_142
o-dang_ami_143,active,ami_target_desc_143
o-dang_ami_144,active,ami_target_desc_144
o-dang_ami_145,passive,ami_target_desc_145
o-dang_ami_146,active,ami_target_desc_146
o-dang_ami_147,active,ami_target_desc_147
o-dang_ami_148,passive,ami_target_desc_148
o-dang_ami_149,passive,ami_target_desc_149
o-dang_ami_150,passive,ami_target_desc_150
o-dang_ami_151,passive,ami_target_desc_151
o-dang_ami_152,passive,ami_target_desc_152
o-dang_ami_153,passive,ami_target_desc_153
o-dang_ami_154,passive,ami_target_desc_154
o-dang_ami_155,passive,ami_target_desc_155
o-dang_ami_156,passive,ami_target_desc_156
o-dang_ami_157,passive,ami_target_desc_157
o-dang_ami_158,passive,ami_target_desc_158
o-dang_ami_159,active,ami_target_desc_159
o-dang_ami_160,active,ami_target_desc_160
o-dang_ami_161,active,ami_target_desc_161
o-dang_ami_162,active,ami_target_desc_162
o-dang_ami_163,active,ami_target_desc_163
o-dang_ami_164,passive,ami_target_desc_164
o-dang_ami_165,passive,ami_target_desc_165
o-dang_ami_166,passive,ami_target_desc_166
o-dang_ami_167,passive,ami_target_desc_167
o-dang_ami_168,active,ami_target_desc_168
o-dang_ami_169,passive,ami_target_desc_169
o-dang_ami_170,passive,ami_target_desc_170
o-dang_ami_171,active,ami_target_desc_171
o-dang_ami_172,passive,ami_target_desc_172
o-dang_ami_173,active,ami_target_desc_173
o-dang_ami_174,passive,ami_target_desc_174
o-dang_ami_175,passive,ami_target_desc_175
o-dang_ami_176,passive,ami_target_desc_176
o-dang_ami_177,passive,ami_target_desc_177
o-dang_ami_178,passive,ami_target_desc_178
o-dang_ami_179,passive,ami_target_desc_179
o-dang_ami_180,passive,ami_target_desc_180
o-dang_ami_181,active,ami_target_desc_181
o-dang_ami_182,passive,ami_target_desc_182
o-dang_ami_183,passive,ami_target_desc_183
o-dang_ami_184,passive,ami_target_desc_184
o-dang_ami_185,passive,ami_target_desc_185
o-dang_ami_186,passive,ami_target_desc_186
o-dang_ami_187,active,ami_target_desc_187
o-dang_ami_188,passive,ami_target_desc_188
o-dang_ami_189,passive,ami_target_desc_189
o-dang_ami_190,passive,ami_target_desc_190
o-dang_ami_191,passive,ami_target_desc_191
o-dang_ami_192,passive,ami_target_desc_192
o-dang_ami_193,passive,ami_target_desc_193
o-dang_ami_194,passive,ami_target_desc_194
o-dang_ami_195,passive,ami_target_desc_195
o-dang_ami_196,passive,ami_target_desc_196
o-dang_ami_197,passive,ami_target_desc_197
o-dang_ami_198,passive,ami_target_desc_198
o-dang_ami_199,passive,ami_target_desc_199
o-dang_ami_200,active,ami_target_desc_200
o-dang_ami_201,active,ami_target_desc_201
o-dang_ami_202,active,ami_target_desc_202
o-dang_ami_203,active,ami_target_desc_203
o-dang_ami_204,passive,ami_target_desc_204
o-dang_ami_205,active,ami_target_desc_205
o-dang_ami_206,passive,ami_target_desc_206
o-dang_ami_207,passive,ami_target_desc_207
o-dang_ami_208,active,ami_target_desc_208
o-dang_ami_209,active,ami_target_desc_209
o-dang_ami_210,active,ami_target_desc_210
o-dang_ami_211,passive,ami_target_desc_211
o-dang_ami_212,active,ami_target_desc_212
o-dang_ami_213,active,ami_target_desc_213
o-dang_ami_214,active,ami_target_desc_214
o-dang_ami_215,active,ami_target_desc_215
o-dang_ami_216,active,ami_target_desc_216
o-dang_ami_217,passive,ami_target_desc_217
o-dang_ami_218,passive,ami_target_desc_218
o-dang_ami_219,passive,ami_target_desc_219
o-dang_ami_220,active,ami_target_desc_220
o-dang_ami_221,active,ami_target_desc_221
o-dang_ami_222,passive,ami_target_desc_222
o-dang_ami_223,passive,ami_target_desc_223
o-dang_ami_224,active,ami_target_desc_224
o-dang_ami_225,active,ami_target_desc_225
o-dang_ami_226,active,ami_target_desc_226
o-dang_ami_227,active,ami_target_desc_227
o-dang_ami_228,active,ami_target_desc_228
o-dang_ami_229,passive,ami_target_desc_229
o-dang_ami_230,active,ami_target_desc_230
o-dang_ami_231,active,ami_target_desc_231
o-dang_ami_232,active,ami_target_desc_232
o-dang_ami_233,active,ami_target_desc_233
o-dang_ami_234,active,ami_target_desc_234
o-dang_ami_235,active,ami_target_desc_235
o-dang_ami_236,passive,ami_target_desc_236
o-dang_ami_237,passive,ami_target_desc_237
o-dang_ami_238,active,ami_target_desc_238
o-dang_ami_239,passive,ami_target_desc_239
o-dang_ami_240,passive,ami_target_desc_240
o-dang_ami_241,active,ami_target_desc_241
o-dang_ami_242,passive,ami_target_desc_242
o-dang_ami_243,passive,ami_target_desc_243
o-dang_ami_244,active,ami_target_desc_244
o-dang_ami_245,active,ami_target_desc_245
o-dang_ami_246,active,ami_target_desc_246
o-dang_ami_247,active,ami_target_desc_247
o-dang_ami_248,active,ami_target_desc_248
o-dang_ami_249,active,ami_target_desc_249
o-dang_ami_250,active,ami_target_desc_250
o-dang_ami_251,passive,ami_target_desc_251
o-dang_ami_252,active,ami_target_desc_252
o-dang_ami_253,passive,ami_target_desc_253
o-dang_ami_254,active,ami_target_desc_254
o-dang_ami_255,passive,ami_target_desc_255
o-dang_ami_256,active,ami_target_desc_256
o-dang_ami_257,passive,ami_target_desc_257
o-dang_ami_258,active,ami_target_desc_258
o-dang_ami_259,passive,ami_target_desc_259
o-dang_ami_260,active,ami_target_desc_260
o-dang_ami_261,active,ami_target_desc_261
o-dang_ami_262,active,ami_target_desc_262
o-dang_ami_263,active,ami_target_desc_263
o-dang_ami_264,active,ami_target_desc_264
o-dang_ami_265,passive,ami_target_desc_265
o-dang_ami_266,active,ami_target_desc_266
o-dang_ami_267,active,ami_target_desc_267
o-dang_ami_268,active,ami_target_desc_268
o-dang_ami_269,active,ami_target_desc_269
o-dang_ami_270,passive,ami_target_desc_270
o-dang_ami_271,active,ami_target_desc_271
o-dang_ami_272,passive,ami_target_desc_272
o-dang_ami_273,passive,ami_target_desc_273
o-dang_ami_274,active,ami_target_desc_274
o-dang_ami_275,active,ami_target_desc_275
o-dang_ami_276,active,ami_target_desc_276
o-dang_ami_277,active,ami_target_desc_277
o-dang_ami_278,active,ami_target_desc_278
o-dang_ami_279,passive,ami_target_desc_279
o-dang_ami_280,passive,ami_target_desc_280
o-dang_ami_281,active,ami_target_desc_281
o-dang_ami_282,active,ami_target_desc_282
o-dang_ami_283,active,ami_target_desc_283
o-dang_ami_284,passive,ami_target_desc_284
o-dang_ami_285,active,ami_target_desc_285
o-dang_ami_286,active,ami_target_desc_286
o-dang_ami_287,active,ami_target_desc_287
o-dang_ami_288,active,ami_target_desc_288
o-dang_ami_289,passive,ami_target_desc_289
o-dang_ami_290,active,ami_target_desc_290
o-dang_ami_291,active,ami_target_desc_291
o-dang_ami_292,passive,ami_target_desc_292
o-dang_ami_293,passive,ami_target_desc_293
o-dang_ami_294,passive,ami_target_desc_294
o-dang_ami_295,active,ami_target_desc_295
o-dang_ami_296,passive,ami_target_desc_296
o-dang_ami_297,passive,ami_target_desc_297
o-dang_ami_298,passive,ami_target_desc_298
o-dang_ami_299,active,ami_target_desc_299
o-dang_ami_300,active,ami_target_desc_300
o-dang_ami_301,passive,ami_target_desc_301
o-dang_ami_302,passive,ami_target_desc_302
o-dang_ami_303,active,ami_target_desc_303
o-dang_ami_304,active,ami_target_desc_304
o-dang_ami_305,active,ami_target_desc_305
o-dang_ami_306,passive,ami_target_desc_306
o-dang_ami_307,active,ami_target_desc_307
o-dang_ami_308,passive,ami_target_desc_308
o-dang_ami_309,passive,ami_target_desc_309
o-dang_ami_310,passive,ami_target_desc_310
o-dang_ami_311,passive,ami_target_desc_311
o-dang_ami_312,active,ami_target_desc_312
o-dang_ami_313,passive,ami_target_desc_313
o-dang_ami_314,passive,ami_target_desc_314
o-dang_ami_315,active,ami_target_desc_315
o-dang_ami_316,passive,ami_target_desc_316
o-dang_ami_317,passive,ami_target_desc_317
o-dang_ami_318,active,ami_target_desc_318
o-dang_ami_319,passive,ami_target_desc_319
o-dang_ami_320,passive,ami_target_desc_320
o-dang_ami_321,passive,ami_target_desc_321
o-dang_ami_322,passive,ami_target_desc_322
o-dang_ami_323,passive,ami_target_desc_323
o-dang_ami_324,passive,ami_target_desc_324
o-dang_ami_325,passive,ami_target_desc_325
o-dang_ami_326,passive,ami_target_desc_326
o-dang_ami_327,passive,ami_target_desc_327
o-dang_ami_328,passive,ami_target_desc_328
o-dang_ami_329,passive,ami_target_desc_329
o-dang_ami_330,passive,ami_target_desc_330
o-dang_ami_331,passive,ami_target_desc_331
o-dang_ami_332,passive,ami_target_desc_332
o-dang_ami_333,passive,ami_target_desc_333
o-dang_ami_334,passive,ami_target_desc_334
o-dang_ami_335,passive,ami_target_desc_335
o-dang_ami_336,passive,ami_target_desc_336
o-dang_ami_337,passive,ami_target_desc_337
o-dang_ami_338,passive,ami_target_desc_338
o-dang_ami_339,passive,ami_target_desc_339
o-dang_ami_340,passive,ami_target_desc_340
o-dang_ami_341,passive,ami_target_desc_341
o-dang_ami_342,passive,ami_target_desc_342
o-dang_ami_343,passive,ami_target_desc_343
o-dang_ami_344,passive,ami_target_desc_344
o-dang_ami_345,passive,ami_target_desc_345
o-dang_ami_346,passive,ami_target_desc_346
o-dang_ami_347,passive,ami_target_desc_347
o-dang_ami_348,passive,ami_target_desc_348
o-dang_ami_349,passive,ami_target_desc_349
o-dang_ami_350,passive,ami_target_desc_350
o-dang_ami_351,passive,ami_target_desc_351
o-dang_ami_352,passive,ami_target_desc_352
o-dang_ami_353,passive,ami_target_desc_353
o-dang_ami_354,active,ami_target_desc_354
o-dang_ami_355,passive,ami_target_desc_355
o-dang_ami_356,passive,ami_target_desc_356
o-dang_ami_357,active,ami_target_desc_357
o-dang_ami_358,passive,ami_target_desc_358
o-dang_ami_359,passive,ami_target_desc_359
o-dang_ami_360,passive,ami_target_desc_360
o-dang_ami_361,passive,ami_target_desc_361
o-dang_ami_362,active,ami_target_desc_362
o-dang_ami_363,passive,ami_target_desc_363
o-dang_ami_364,passive,ami_target_desc_364
o-dang_ami_365,passive,ami_target_desc_365
o-dang_ami_366,passive,ami_target_desc_366
o-dang_ami_367,passive,ami_target_desc_367
o-dang_ami_368,passive,ami_target_desc_368
o-dang_ami_369,passive,ami_target_desc_369
o-dang_ami_370,passive,ami_target_desc_370
o-dang_ami_371,active,ami_target_desc_371
o-dang_ami_372,passive,ami_target_desc_372
o-dang_ami_373,passive,ami_target_desc_373
o-dang_ami_374,passive,ami_target_desc_374
o-dang_ami_375,passive,ami_target_desc_375
o-dang_ami_376,passive,ami_target_desc_376
o-dang_ami_377,passive,ami_target_desc_377
o-dang_ami_378,passive,ami_target_desc_378
o-dang_ami_379,passive,ami_target_desc_379
o-dang_ami_380,passive,ami_target_desc_380
o-dang_ami_381,passive,ami_target_desc_381
o-dang_ami_382,active,ami_target_desc_382
o-dang_ami_383,active,ami_target_desc_383
o-dang_ami_384,active,ami_target_desc_384
o-dang_ami_385,active,ami_target_desc_385
o-dang_ami_386,passive,ami_target_desc_386
o-dang_ami_387,active,ami_target_desc_387
o-dang_ami_388,active,ami_target_desc_388
o-dang_ami_389,active,ami_target_desc_389
o-dang_ami_390,active,ami_target_desc_390
o-dang_ami_391,passive,ami_target_desc_391
o-dang_ami_392,active,ami_target_desc_392
o-dang_ami_393,active,ami_target_desc_393
o-dang_ami_394,active,ami_target_desc_394
o-dang_ami_395,passive,ami_target_desc_395
o-dang_ami_396,active,ami_target_desc_396
o-dang_ami_397,passive,ami_target_desc_397
o-dang_ami_398,active,ami_target_desc_398
o-dang_ami_399,active,ami_target_desc_399
o-dang_ami_400,active,ami_target_desc_400
o-dang_ami_401,active,ami_target_desc_401
o-dang_ami_402,active,ami_target_desc_402
o-dang_ami_403,passive,ami_target_desc_403
o-dang_ami_404,active,ami_target_desc_404
o-dang_ami_405,active,ami_target_desc_405
o-dang_ami_406,active,ami_target_desc_406
o-dang_ami_407,active,ami_target_desc_407
o-dang_ami_408,active,ami_target_desc_408
o-dang_ami_409,active,ami_target_desc_409
o-dang_ami_410,passive,ami_target_desc_410
o-dang_ami_411,active,ami_target_desc_411
o-dang_ami_412,passive,ami_target_desc_412
o-dang_ami_413,active,ami_target_desc_413
o-dang_ami_414,active,ami_target_desc_414
o-dang_ami_415,active,ami_target_desc_415
o-dang_ami_416,active,ami_target_desc_416
o-dang_ami_417,passive,ami_target_desc_417
o-dang_ami_418,passive,ami_target_desc_418
o-dang_ami_419,active,ami_target_desc_419
o-dang_ami_420,passive,ami_target_desc_420
o-dang_ami_421,active,ami_target_desc_421
o-dang_ami_422,passive,ami_target_desc_422
o-dang_ami_423,passive,ami_target_desc_423
o-dang_ami_424,passive,ami_target_desc_424
o-dang_ami_425,active,ami_target_desc_425
o-dang_ami_426,active,ami_target_desc_426
o-dang_ami_427,active,ami_target_desc_427
o-dang_ami_428,active,ami_target_desc_428
o-dang_ami_429,active,ami_target_desc_429
o-dang_ami_430,active,ami_target_desc_430
o-dang_ami_431,active,ami_target_desc_431
o-dang_ami_432,active,ami_target_desc_432
o-dang_ami_433,active,ami_target_desc_433
o-dang_ami_434,active,ami_target_desc_434
o-dang_ami_435,passive,ami_target_desc_435
o-dang_ami_436,active,ami_target_desc_436
o-dang_ami_437,passive,ami_target_desc_437
o-dang_ami_438,passive,ami_target_desc_438
o-dang_ami_439,passive,ami_target_desc_439
o-dang_ami_440,active,ami_target_desc_440
o-dang_ami_441,active,ami_target_desc_441
o-dang_ami_442,active,ami_target_desc_442
o-dang_ami_443,passive,ami_target_desc_443
o-dang_ami_444,passive,ami_target_desc_444
o-dang_ami_445,active,ami_target_desc_445
o-dang_ami_446,active,ami_target_desc_446
o-dang_ami_447,passive,ami_target_desc_447
o-dang_ami_448,active,ami_target_desc_448
o-dang_ami_449,passive,ami_target_desc_449
o-dang_ami_450,active,ami_target_desc_450
o-dang_ami_451,active,ami_target_desc_451
o-dang_ami_452,active,ami_target_desc_452
o-dang_ami_453,passive,ami_target_desc_453
o-dang_ami_454,active,ami_target_desc_454
o-dang_ami_455,active,ami_target_desc_455
o-dang_ami_456,passive,ami_target_desc_456
o-dang_ami_457,active,ami_target_desc_457
o-dang_ami_458,passive,ami_target_desc_458
o-dang_ami_459,active,ami_target_desc_459
o-dang_ami_460,passive,ami_target_desc_460
o-dang_ami_461,active,ami_target_desc_461
o-dang_ami_462,passive,ami_target_desc_462
o-dang_ami_463,active,ami_target_desc_463
o-dang_ami_464,active,ami_target_desc_464
o-dang_ami_465,passive,ami_target_desc_465
o-dang_ami_466,active,ami_target_desc_466
o-dang_ami_467,passive,ami_target_desc_467
o-dang_ami_468,active,ami_target_desc_468
o-dang_ami_469,passive,ami_target_desc_469
o-dang_ami_470,passive,ami_target_desc_470
o-dang_ami_471,active,ami_target_desc_471
o-dang_ami_472,active,ami_target_desc_472
o-dang_ami_473,active,ami_target_desc_473
o-dang_ami_474,passive,ami_target_desc_474
o-dang_ami_475,active,ami_target_desc_475
o-dang_ami_476,passive,ami_target_desc_476
o-dang_ami_477,passive,ami_target_desc_477
o-dang_ami_478,active,ami_target_desc_478
o-dang_ami_479,passive,ami_target_desc_479
o-dang_ami_480,active,ami_target_desc_480
o-dang_ami_481,active,ami_target_desc_481
o-dang_ami_482,active,ami_target_desc_482
o-dang_ami_483,active,ami_target_desc_483
o-dang_ami_484,active,ami_target_desc_484
o-dang_ami_485,active,ami_target_desc_485
o-dang_ami_486,active,ami_target_desc_486
o-dang_ami_487,active,ami_target_desc_487
o-dang_ami_488,active,ami_target_desc_488
o-dang_ami_489,passive,ami_target_desc_489
o-dang_ami_490,active,ami_target_desc_490
o-dang_ami_491,active,ami_target_desc_491
o-dang_ami_492,passive,ami_target_desc_492
o-dang_ami_493,active,ami_target_desc_493
o-dang_ami_494,active,ami_target_desc_494
o-dang_ami_495,active,ami_target_desc_495
o-dang_ami_496,active,ami_target_desc_496
o-dang_ami_497,active,ami_target_desc_497
o-dang_ami_498,passive,ami_target_desc_498
o-dang_ami_499,passive,ami_target_desc_499
o-dang_ami_500,active,ami_target_desc_500
o-dang_ami_501,active,ami_target_desc_501
o-dang_ami_502,passive,ami_target_desc_502
o-dang_ami_503,active,ami_target_desc_503
o-dang_ami_504,active,ami_target_desc_504
o-dang_ami_505,passive,ami_target_desc_505
o-dang_ami_506,passive,ami_target_desc_506
o-dang_ami_507,passive,ami_target_desc_507
o-dang_ami_508,passive,ami_target_desc_508
o-dang_ami_509,passive,ami_target_desc_509
o-dang_ami_510,passive,ami_target_desc_510
o-dang_ami_511,active,ami_target_desc_511
o-dang_ami_512,passive,ami_target_desc_512
o-dang_ami_513,active,ami_target_desc_513
o-dang_ami_514,passive,ami_target_desc_514
o-dang_ami_515,passive,ami_target_desc_515
o-dang_ami_516,passive,ami_target_desc_516
o-dang_ami_517,passive,ami_target_desc_517
o-dang_ami_518,passive,ami_target_desc_518
o-dang_ami_519,active,ami_target_desc_519
o-dang_ami_520,passive,ami_target_desc_520
o-dang_ami_521,passive,ami_target_desc_521
o-dang_ami_522,passive,ami_target_desc_522
o-dang_ami_523,active,ami_target_desc_523
o-dang_ami_524,active,ami_target_desc_524
o-dang_ami_525,passive,ami_target_desc_525
o-dang_ami_526,passive,ami_target_desc_526
o-dang_ami_527,active,ami_target_desc_527
o-dang_ami_528,active,ami_target_desc_528
o-dang_ami_529,passive,ami_target_desc_529
o-dang_ami_530,active,ami_target_desc_530
o-dang_ami_531,passive,ami_target_desc_531
o-dang_ami_532,passive,ami_target_desc_532
o-dang_ami_533,passive,ami_target_desc_533
o-dang_ami_534,passive,ami_target_desc_534
o-dang_ami_535,active,ami_target_desc_535
o-dang_ami_536,active,ami_target_desc_536
o-dang_ami_537,active,ami_target_desc_537
o-dang_ami_538,passive,ami_target_desc_538
o-dang_ami_539,passive,ami_target_desc_539
o-dang_ami_540,active,ami_target_desc_540
o-dang_ami_541,active,ami_target_desc_541
o-dang_ami_542,passive,ami_target_desc_542
o-dang_ami_543,passive,ami_target_desc_543
o-dang_ami_544,active,ami_target_desc_544
o-dang_ami_545,active,ami_target_desc_545
o-dang_ami_546,passive,ami_target_desc_546
o-dang_ami_547,passive,ami_target_desc_547
o-dang_ami_548,active,ami_target_desc_548
o-dang_ami_549,active,ami_target_desc_549
o-dang_ami_550,passive,ami_target_desc_550
o-dang_ami_551,active,ami_target_desc_551
o-dang_ami_552,passive,ami_target_desc_552
o-dang_ami_553,active,ami_target_desc_553
o-dang_ami_554,passive,ami_target_desc_554
o-dang_ami_555,active,ami_target_desc_555
o-dang_ami_556,active,ami_target_desc_556
o-dang_ami_557,active,ami_target_desc_557
o-dang_ami_558,passive,ami_target_desc_558
o-dang_ami_559,passive,ami_target_desc_559
o-dang_ami_560,passive,ami_target_desc_560
o-dang_ami_561,passive,ami_target_desc_561
o-dang_ami_562,active,ami_target_desc_562
o-dang_ami_563,active,ami_target_desc_563
o-dang_ami_564,active,ami_target_desc_564
o-dang_ami_565,active,ami_target_desc_565
o-dang_ami_566,active,ami_target_desc_566
o-dang_ami_567,active,ami_target_desc_567
o-dang_ami_568,active,ami_target_desc_568
o-dang_ami_569,active,ami_target_desc_569
o-dang_ami_570,active,ami_target_desc_570
o-dang_ami_571,active,ami_target_desc_571
o-dang_ami_572,active,ami_target_desc_572
o-dang_ami_573,active,ami_target_desc_573
o-dang_ami_574,passive,ami_target_desc_574
o-dang_ami_575,active,ami_target_desc_575
o-dang_ami_576,active,ami_target_desc_576
o-dang_ami_577,active,ami_target_desc_577
o-dang_ami_578,active,ami_target_desc_578
o-dang_ami_579,active,ami_target_desc_579
o-dang_ami_580,active,ami_target_desc_580
o-dang_ami_581,active,ami_target_desc_581
o-dang_ami_582,active,ami_target_desc_582
o-dang_ami_583,active,ami_target_desc_583
o-dang_ami_584,active,ami_target_desc_584
o-dang_ami_585,active,ami_target_desc_585
o-dang_ami_586,passive,ami_target_desc_586
o-dang_ami_587,active,ami_target_desc_587
o-dang_ami_588,active,ami_target_desc_588
o-dang_ami_589,active,ami_target_desc_589
o-dang_ami_590,active,ami_target_desc_590
o-dang_ami_591,active,ami_target_desc_591
o-dang_ami_592,active,ami_target_desc_592
o-dang_ami_593,active,ami_target_desc_593
o-dang_ami_594,active,ami_target_desc_594
o-dang_ami_595,active,ami_target_desc_595
o-dang_ami_596,active,ami_target_desc_596
o-dang_ami_597,active,ami_target_desc_597
o-dang_ami_598,active,ami_target_desc_598
o-dang_ami_599,active,ami_target_desc_599
o-dang_ami_600,active,ami_target_desc_600
o-dang_ami_601,active,ami_target_desc_601
o-dang_ami_602,active,ami_target_desc_602
o-dang_ami_603,active,ami_target_desc_603
o-dang_ami_604,passive,ami_target_desc_604
o-dang_ami_605,active,ami_target_desc_605
o-dang_ami_606,passive,ami_target_desc_606
o-dang_ami_607,active,ami_target_desc_607
o-dang_ami_608,active,ami_target_desc_608
o-dang_ami_609,active,ami_target_desc_609
o-dang_ami_610,active,ami_target_desc_610
o-dang_ami_611,active,ami_target_desc_611
o-dang_ami_612,passive,ami_target_desc_612
o-dang_ami_613,active,ami_target_desc_613
o-dang_ami_614,active,ami_target_desc_614
o-dang_ami_615,passive,ami_target_desc_615
o-dang_ami_616,passive,ami_target_desc_616
o-dang_ami_617,passive,ami_target_desc_617
o-dang_ami_618,active,ami_target_desc_618
o-dang_ami_619,active,ami_target_desc_619
o-dang_ami_620,active,ami_target_desc_620
o-dang_ami_621,active,ami_target_desc_621
o-dang_ami_622,active,ami_target_desc_622
o-dang_ami_623,active,ami_target_desc_623
o-dang_ami_624,active,ami_target_desc_624
o-dang_ami_625,active,ami_target_desc_625
o-dang_ami_626,active,ami_target_desc_626
o-dang_ami_627,active,ami_target_desc_627
o-dang_ami_628,active,ami_target_desc_628
o-dang_ami_629,active,ami_target_desc_629
o-dang_ami_630,passive,ami_target_desc_630
o-dang_ami_631,active,ami_target_desc_631
o-dang_ami_632,active,ami_target_desc_632
o-dang_ami_633,passive,ami_target_desc_633
o-dang_ami_634,active,ami_target_desc_634
o-dang_ami_635,active,ami_target_desc_635
o-dang_ami_636,active,ami_target_desc_636
o-dang_ami_637,active,ami_target_desc_637
o-dang_ami_638,active,ami_target_desc_638
o-dang_ami_639,active,ami_target_desc_639
o-dang_ami_640,active,ami_target_desc_640
o-dang_ami_641,active,ami_target_desc_641
o-dang_ami_642,active,ami_target_desc_642
o-dang_ami_643,active,ami_target_desc_643
o-dang_ami_644,passive,ami_target_desc_644
o-dang_ami_645,active,ami_target_desc_645
o-dang_ami_646,active,ami_target_desc_646
o-dang_ami_647,active,ami_target_desc_647
o-dang_ami_648,active,ami_target_desc_648
o-dang_ami_649,active,ami_target_desc_649
o-dang_ami_650,active,ami_target_desc_650
o-dang_ami_651,active,ami_target_desc_651
o-dang_ami_652,active,ami_target_desc_652
o-dang_ami_653,active,ami_target_desc_653
o-dang_ami_654,active,ami_target_desc_654
o-dang_ami_655,passive,ami_target_desc_655
o-dang_ami_656,passive,ami_target_desc_656
o-dang_ami_657,active,ami_target_desc_657
o-dang_ami_658,active,ami_target_desc_658
o-dang_ami_659,active,ami_target_desc_659
o-dang_ami_660,active,ami_target_desc_660
o-dang_ami_661,active,ami_target_desc_661
o-dang_ami_662,passive,ami_target_desc_662
o-dang_ami_663,active,ami_target_desc_663
o-dang_ami_664,active,ami_target_desc_664
o-dang_ami_665,active,ami_target_desc_665
o-dang_ami_666,active,ami_target_desc_666
o-dang_ami_667,active,ami_target_desc_667
o-dang_ami_668,active,ami_target_desc_668
o-dang_ami_669,active,ami_target_desc_669
o-dang_ami_670,passive,ami_target_desc_670
o-dang_ami_671,active,ami_target_desc_671
o-dang_ami_672,active,ami_target_desc_672
o-dang_ami_673,active,ami_target_desc_673
o-dang_ami_674,active,ami_target_desc_674
o-dang_ami_675,active,ami_target_desc_675
o-dang_ami_676,active,ami_target_desc_676
o-dang_ami_677,active,ami_target_desc_677
o-dang_ami_678,active,ami_target_desc_678
o-dang_ami_679,passive,ami_target_desc_679
o-dang_ami_680,active,ami_target_desc_680
o-dang_ami_681,active,ami_target_desc_681
o-dang_ami_682,passive,ami_target_desc_682
o-dang_ami_683,active,ami_target_desc_683
o-dang_ami_684,active,ami_target_desc_684
o-dang_ami_685,active,ami_target_desc_685
o-dang_ami_686,active,ami_target_desc_686
o-dang_ami_687,active,ami_target_desc_687
o-dang_ami_688,active,ami_target_desc_688
o-dang_ami_689,active,ami_target_desc_689
o-dang_ami_690,active,ami_target_desc_690
o-dang_ami_691,active,ami_target_desc_691
o-dang_ami_692,active,ami_target_desc_692
o-dang_ami_693,active,ami_target_desc_693
o-dang_ami_694,active,ami_target_desc_694
o-dang_ami_695,active,ami_target_desc_695
o-dang_ami_696,active,ami_target_desc_696
o-dang_ami_697,active,ami_target_desc_697
o-dang_ami_698,active,ami_target_desc_698
o-dang_ami_699,active,ami_target_desc_699
o-dang_ami_700,active,ami_target_desc_700
o-dang_ami_701,active,ami_target_desc_701
o-dang_ami_702,passive,ami_target_desc_702
o-dang_ami_703,active,ami_target_desc_703
o-dang_ami_704,active,ami_target_desc_704
o-dang_ami_705,active,ami_target_desc_705
o-dang_ami_706,active,ami_target_desc_706
o-dang_ami_707,active,ami_target_desc_707
o-dang_ami_708,active,ami_target_desc_708
o-dang_ami_709,passive,ami_target_desc_709
o-dang_ami_710,passive,ami_target_desc_710
o-dang_ami_711,active,ami_target_desc_711
o-dang_ami_712,active,ami_target_desc_712
o-dang_ami_713,active,ami_target_desc_713
o-dang_ami_714,active,ami_target_desc_714
o-dang_ami_715,active,ami_target_desc_715
o-dang_ami_716,passive,ami_target_desc_716
o-dang_ami_717,active,ami_target_desc_717
o-dang_ami_718,active,ami_target_desc_718
o-dang_ami_719,active,ami_target_desc_719
o-dang_ami_720,active,ami_target_desc_720
o-dang_ami_721,active,ami_target_desc_721
o-dang_ami_722,active,ami_target_desc_722
o-dang_ami_723,active,ami_target_desc_723
o-dang_ami_724,active,ami_target_desc_724
o-dang_ami_725,active,ami_target_desc_725
o-dang_ami_726,active,ami_target_desc_726
o-dang_ami_727,passive,ami_target_desc_727
o-dang_ami_728,active,ami_target_desc_728
o-dang_ami_729,active,ami_target_desc_729
o-dang_ami_730,active,ami_target_desc_730
o-dang_ami_731,active,ami_target_desc_731
o-dang_ami_732,active,ami_target_desc_732
o-dang_ami_733,active,ami_target_desc_733
o-dang_ami_734,active,ami_target_desc_734
o-dang_ami_735,active,ami_target_desc_735
o-dang_ami_736,active,ami_target_desc_736
o-dang_ami_737,active,ami_target_desc_737
o-dang_ami_738,active,ami_target_desc_738
o-dang_ami_739,active,ami_target_desc_739
o-dang_ami_740,active,ami_target_desc_740
o-dang_ami_741,passive,ami_target_desc_741
o-dang_ami_742,active,ami_target_desc_742
o-dang_ami_743,active,ami_target_desc_743
o-dang_ami_744,active,ami_target_desc_744
o-dang_ami_745,active,ami_target_desc_745
o-dang_ami_746,active,ami_target_desc_746
o-dang_ami_747,active,ami_target_desc_747
o-dang_ami_748,active,ami_target_desc_748
o-dang_ami_749,active,ami_target_desc_749
o-dang_ami_750,active,ami_target_desc_750
o-dang_ami_751,active,ami_target_desc_751
o-dang_ami_752,passive,ami_target_desc_752
o-dang_ami_753,passive,ami_target_desc_753
o-dang_ami_754,active,ami_target_desc_754
o-dang_ami_755,passive,ami_target_desc_755
o-dang_ami_756,active,ami_target_desc_756
o-dang_ami_757,active,ami_target_desc_757
o-dang_ami_758,active,ami_target_desc_758
o-dang_ami_759,active,ami_target_desc_759
o-dang_ami_760,active,ami_target_desc_760
o-dang_ami_761,active,ami_target_desc_761
o-dang_ami_762,active,ami_target_desc_762
o-dang_ami_763,passive,ami_target_desc_763
o-dang_ami_764,passive,ami_target_desc_764
o-dang_ami_765,active,ami_target_desc_765
o-dang_ami_766,active,ami_target_desc_766
o-dang_ami_767,passive,ami_target_desc_767
o-dang_ami_768,active,ami_target_desc_768
o-dang_ami_769,active,ami_target_desc_769
o-dang_ami_770,active,ami_target_desc_770
o-dang_ami_771,active,ami_target_desc_771
o-dang_ami_772,active,ami_target_desc_772
o-dang_ami_773,active,ami_target_desc_773
o-dang_ami_774,active,ami_target_desc_774
o-dang_ami_775,active,ami_target_desc_775
o-dang_ami_776,passive,ami_target_desc_776
o-dang_ami_777,active,ami_target_desc_777
o-dang_ami_778,active,ami_target_desc_778
o-dang_ami_779,active,ami_target_desc_779
o-dang_ami_780,active,ami_target_desc_780
o-dang_ami_781,active,ami_target_desc_781
o-dang_ami_782,active,ami_target_desc_782
o-dang_ami_783,active,ami_target_desc_783
o-dang_ami_784,active,ami_target_desc_784
o-dang_ami_785,active,ami_target_desc_785
o-dang_ami_786,active,ami_target_desc_786
o-dang_ami_787,active,ami_target_desc_787
o-dang_ami_788,passive,ami_target_desc_788
o-dang_ami_789,active,ami_target_desc_789
o-dang_ami_790,active,ami_target_desc_790
o-dang_ami_791,active,ami_target_desc_791
o-dang_ami_792,active,ami_target_desc_792
o-dang_ami_793,active,ami_target_desc_793
o-dang_ami_794,active,ami_target_desc_794
o-dang_ami_795,active,ami_target_desc_795
o-dang_ami_796,active,ami_target_desc_796
o-dang_ami_797,active,ami_target_desc_797
o-dang_ami_798,passive,ami_target_desc_798
o-dang_ami_799,active,ami_target_desc_799
o-dang_ami_800,passive,ami_target_desc_800
o-dang_ami_801,passive,ami_target_desc_801
o-dang_ami_802,active,ami_target_desc_802
o-dang_ami_803,active,ami_target_desc_803
o-dang_ami_804,active,ami_target_desc_804
o-dang_ami_805,active,ami_target_desc_805
o-dang_ami_806,active,ami_target_desc_806
o-dang_ami_807,active,ami_target_desc_807
o-dang_ami_808,active,ami_target_desc_808
o-dang_ami_809,active,ami_target_desc_809
o-dang_ami_810,passive,ami_target_desc_810
o-dang_ami_811,active,ami_target_desc_811
o-dang_ami_812,passive,ami_target_desc_812
o-dang_ami_813,active,ami_target_desc_813
o-dang_ami_814,passive,ami_target_desc_814
o-dang_ami_815,passive,ami_target_desc_815
o-dang_ami_816,passive,ami_target_desc_816
o-dang_ami_817,passive,ami_target_desc_817
o-dang_ami_818,passive,ami_target_desc_818
o-dang_ami_819,passive,ami_target_desc_819
o-dang_ami_820,active,ami_target_desc_820
o-dang_ami_821,passive,ami_target_desc_821
o-dang_ami_822,passive,ami_target_desc_822
o-dang_ami_823,passive,ami_target_desc_823
o-dang_ami_824,passive,ami_target_desc_824
o-dang_ami_825,passive,ami_target_desc_825
o-dang_ami_826,passive,ami_target_desc_826
o-dang_ami_827,passive,ami_target_desc_827
o-dang_ami_828,passive,ami_target_desc_828
o-dang_ami_829,passive,ami_target_desc_829
o-dang_ami_830,passive,ami_target_desc_830
o-dang_ami_831,active,ami_target_desc_831
o-dang_ami_832,active,ami_target_desc_832
o-dang_ami_833,passive,ami_target_desc_833
o-dang_ami_834,passive,ami_target_desc_834
o-dang_ami_835,active,ami_target_desc_835
o-dang_ami_836,active,ami_target_desc_836
o-dang_ami_837,passive,ami_target_desc_837
o-dang_ami_838,passive,ami_target_desc_838
o-dang_ami_839,active,ami_target_desc_839
o-dang_ami_840,passive,ami_target_desc_840
o-dang_ami_841,passive,ami_target_desc_841
o-dang_ami_842,passive,ami_target_desc_842
o-dang_ami_843,active,ami_target_desc_843
o-dang_ami_844,active,ami_target_desc_844
o-dang_ami_845,active,ami_target_desc_845
o-dang_ami_846,passive,ami_target_desc_846
o-dang_ami_847,active,ami_target_desc_847
o-dang_ami_848,passive,ami_target_desc_848
o-dang_ami_849,passive,ami_target_desc_849
o-dang_ami_850,active,ami_target_desc_850
o-dang_ami_851,active,ami_target_desc_851
o-dang_ami_852,active,ami_target_desc_852
o-dang_ami_853,passive,ami_target_desc_853
o-dang_ami_854,passive,ami_target_desc_854
o-dang_ami_855,passive,ami_target_desc_855
o-dang_ami_856,passive,ami_target_desc_856
o-dang_ami_857,active,ami_target_desc_857
o-dang_ami_858,active,ami_target_desc_858
o-dang_ami_859,active,ami_target_desc_859
o-dang_ami_860,active,ami_target_desc_860
o-dang_ami_861,passive,ami_target_desc_861
o-dang_ami_862,passive,ami_target_desc_862
o-dang_ami_863,passive,ami_target_desc_863
o-dang_ami_864,active,ami_target_desc_864
o-dang_ami_865,passive,ami_target_desc_865
o-dang_ami_866,passive,ami_target_desc_866
o-dang_ami_867,active,ami_target_desc_867
o-dang_ami_868,passive,ami_target_desc_868
o-dang_ami_869,passive,ami_target_desc_869
o-dang_ami_870,active,ami_target_desc_870
o-dang_ami_871,active,ami_target_desc_871
o-dang_ami_872,active,ami_target_desc_872
o-dang_ami_873,active,ami_target_desc_873
o-dang_ami_874,passive,ami_target_desc_874
o-dang_ami_875,active,ami_target_desc_875
o-dang_ami_876,passive,ami_target_desc_876
o-dang_ami_877,active,ami_target_desc_877
o-dang_ami_878,passive,ami_target_desc_878
o-dang_ami_879,passive,ami_target_desc_879
o-dang_ami_880,passive,ami_target_desc_880
o-dang_ami_881,active,ami_target_desc_881
o-dang_ami_882,passive,ami_target_desc_882
o-dang_ami_883,passive,ami_target_desc_883
o-dang_ami_884,passive,ami_target_desc_884
o-dang_ami_885,passive,ami_target_desc_885
o-dang_ami_886,active,ami_target_desc_886
o-dang_ami_887,passive,ami_target_desc_887
o-dang_ami_888,passive,ami_target_desc_888
o-dang_ami_889,active,ami_target_desc_889
o-dang_ami_890,active,ami_target_desc_890
o-dang_ami_891,passive,ami_target_desc_891
o-dang_ami_892,passive,ami_target_desc_892
o-dang_ami_893,active,ami_target_desc_893
o-dang_ami_894,active,ami_target_desc_894
o-dang_ami_895,active,ami_target_desc_895
o-dang_ami_896,passive,ami_target_desc_896
o-dang_ami_897,active,ami_target_desc_897
o-dang_ami_898,passive,ami_target_desc_898
o-dang_ami_899,passive,ami_target_desc_899
o-dang_ami_900,active,ami_target_desc_900
o-dang_ami_901,active,ami_target_desc_901
o-dang_ami_902,passive,ami_target_desc_902
o-dang_ami_903,passive,ami_target_desc_903
o-dang_ami_904,active,ami_target_desc_904
o-dang_ami_905,active,ami_target_desc_905
o-dang_ami_906,passive,ami_target_desc_906
o-dang_ami_907,passive,ami_target_desc_907
o-dang_ami_908,passive,ami_target_desc_908
o-dang_ami_909,passive,ami_target_desc_909
o-dang_ami_910,active,ami_target_desc_910
o-dang_ami_911,active,ami_target_desc_911
o-dang_ami_912,passive,ami_target_desc_912
o-dang_ami_913,passive,ami_target_desc_913
o-dang_ami_914,active,ami_target_desc_914
o-dang_ami_915,passive,ami_target_desc_915
o-dang_ami_916,passive,ami_target_desc_916
o-dang_ami_917,passive,ami_target_desc_917
o-dang_ami_918,active,ami_target_desc_918
o-dang_ami_919,passive,ami_target_desc_919
o-dang_ami_920,passive,ami_target_desc_920
o-dang_ami_921,passive,ami_target_desc_921
o-dang_ami_922,passive,ami_target_desc_922
o-dang_ami_923,passive,ami_target_desc_923
o-dang_ami_924,passive,ami_target_desc_924
o-dang_ami_925,passive,ami_target_desc_925
o-dang_ami_926,passive,ami_target_desc_926
o-dang_ami_927,passive,ami_target_desc_927
o-dang_ami_928,passive,ami_target_desc_928
o-dang_ami_929,passive,ami_target_desc_929
o-dang_ami_930,active,ami_target_desc_930
o-dang_ami_931,active,ami_target_desc_931
o-dang_ami_932,active,ami_target_desc_932
o-dang_ami_933,active,ami_target_desc_933
o-dang_ami_934,active,ami_target_desc_934
o-dang_ami_935,active,ami_target_desc_935
o-dang_ami_936,passive,ami_target_desc_936
o-dang_ami_937,passive,ami_target_desc_937
o-dang_ami_938,active,ami_target_desc_938
o-dang_ami_939,active,ami_target_desc_939
o-dang_ami_940,active,ami_target_desc_940
o-dang_ami_941,passive,ami_target_desc_941
o-dang_ami_942,passive,ami_target_desc_942
o-dang_ami_943,passive,ami_target_desc_943
o-dang_ami_944,passive,ami_target_desc_944
o-dang_ami_945,passive,ami_target_desc_945
o-dang_ami_946,passive,ami_target_desc_946
o-dang_ami_947,active,ami_target_desc_947
o-dang_ami_948,passive,ami_target_desc_948
o-dang_ami_949,passive,ami_target_desc_949
o-dang_ami_950,passive,ami_target_desc_950
o-dang_ami_951,passive,ami_target_desc_951
o-dang_ami_952,passive,ami_target_desc_952
o-dang_ami_953,passive,ami_target_desc_953
o-dang_ami_954,passive,ami_target_desc_954
o-dang_ami_955,passive,ami_target_desc_955
o-dang_ami_956,passive,ami_target_desc_956
o-dang_ami_957,passive,ami_target_desc_957
o-dang_ami_958,passive,ami_target_desc_958
o-dang_ami_959,active,ami_target_desc_959
o-dang_ami_960,passive,ami_target_desc_960
o-dang_ami_961,passive,ami_target_desc_961
o-dang_ami_962,passive,ami_target_desc_962
o-dang_ami_963,active,ami_target_desc_963
o-dang_ami_964,passive,ami_target_desc_964
o-dang_ami_965,active,ami_target_desc_965
o-dang_ami_966,passive,ami_target_desc_966
o-dang_ami_967,passive,ami_target_desc_967
o-dang_ami_968,active,ami_target_desc_968
o-dang_ami_969,active,ami_target_desc_969
o-dang_ami_970,passive,ami_target_desc_970
o-dang_ami_971,passive,ami_target_desc_971
o-dang_ami_972,active,ami_target_desc_972
o-dang_ami_973,active,ami_target_desc_973
o-dang_ami_974,passive,ami_target_desc_974
o-dang_ami_975,passive,ami_target_desc_975
o-dang_ami_976,active,ami_target_desc_976
o-dang_ami_977,active,ami_target_desc_977
o-dang_ami_978,passive,ami_target_desc_978
o-dang_ami_979,active,ami_target_desc_979
o-dang_ami_980,passive,ami_target_desc_980
o-dang_ami_981,active,ami_target_desc_981
o-dang_ami_982,active,ami_target_desc_982
o-dang_ami_983,passive,ami_target_desc_983
o-dang_ami_984,passive,ami_target_desc_984
o-dang_ami_985,passive,ami_target_desc_985
o-dang_ami_986,passive,ami_target_desc_986
o-dang_ami_987,active,ami_target_desc_987
o-dang_ami_988,active,ami_target_desc_988
o-dang_ami_989,passive,ami_target_desc_989
o-dang_ami_990,passive,ami_target_desc_990
o-dang_ami_991,active,ami_target_desc_991
o-dang_ami_992,passive,ami_target_desc_992
o-dang_ami_993,active,ami_target_desc_993
o-dang_ami_994,passive,ami_target_desc_994
o-dang_ami_995,passive,ami_target_desc_995
o-dang_ami_996,passive,ami_target_desc_996
o-dang_ami_997,active,ami_target_desc_997
o-dang_ami_998,passive,ami_target_desc_998
o-dang_ami_999,passive,ami_target_desc_999
o-dang_ami_1000,passive,ami_target_desc_1000
o-dang_ami_1001,active,ami_target_desc_1001
o-dang_ami_1002,passive,ami_target_desc_1002
o-dang_ami_1003,passive,ami_target_desc_1003
o-dang_ami_1004,passive,ami_target_desc_1004
o-dang_ami_1005,active,ami_target_desc_1005
o-dang_ami_1006,passive,ami_target_desc_1006
o-dang_ami_1007,active,ami_target_desc_1007
o-dang_ami_1008,passive,ami_target_desc_1008
o-dang_ami_1009,passive,ami_target_desc_1009
o-dang_ami_1010,passive,ami_target_desc_1010
o-dang_ami_1011,passive,ami_target_desc_1011
o-dang_ami_1012,passive,ami_target_desc_1012
o-dang_ami_1013,passive,ami_target_desc_1013
o-dang_ami_1014,passive,ami_target_desc_1014
o-dang_ami_1015,passive,ami_target_desc_1015
o-dang_ami_1016,passive,ami_target_desc_1016
o-dang_ami_1017,passive,ami_target_desc_1017
o-dang_ami_1018,passive,ami_target_desc_1018
o-dang_ami_1019,passive,ami_target_desc_1019
o-dang_ami_1020,passive,ami_target_desc_1020
o-dang_ami_1021,active,ami_target_desc_1021
o-dang_ami_1022,passive,ami_target_desc_1022
o-dang_ami_1023,passive,ami_target_desc_1023
o-dang_ami_1024,passive,ami_target_desc_1024
o-dang_ami_1025,passive,ami_target_desc_1025
o-dang_ami_1026,active,ami_target_desc_1026
o-dang_ami_1027,passive,ami_target_desc_1027
o-dang_ami_1028,passive,ami_target_desc_1028
o-dang_ami_1029,passive,ami_target_desc_1029
o-dang_ami_1030,passive,ami_target_desc_1030
o-dang_ami_1031,passive,ami_target_desc_1031
o-dang_ami_1032,passive,ami_target_desc_1032
o-dang_ami_1033,passive,ami_target_desc_1033
o-dang_ami_1034,passive,ami_target_desc_1034
o-dang_ami_1035,passive,ami_target_desc_1035
o-dang_ami_1036,active,ami_target_desc_1036
o-dang_ami_1037,passive,ami_target_desc_1037
o-dang_ami_1038,passive,ami_target_desc_1038
o-dang_ami_1039,active,ami_target_desc_1039
o-dang_ami_1040,passive,ami_target_desc_1040
o-dang_ami_1041,passive,ami_target_desc_1041
o-dang_ami_1042,passive,ami_target_desc_1042
o-dang_ami_1043,passive,ami_target_desc_1043
o-dang_ami_1044,passive,ami_target_desc_1044
o-dang_ami_1045,active,ami_target_desc_1045
o-dang_ami_1046,passive,ami_target_desc_1046
o-dang_ami_1047,passive,ami_target_desc_1047
o-dang_ami_1048,passive,ami_target_desc_1048
o-dang_ami_1049,passive,ami_target_desc_1049
o-dang_ami_1050,passive,ami_target_desc_1050
o-dang_ami_1051,passive,ami_target_desc_1051
o-dang_ami_1052,active,ami_target_desc_1052
o-dang_ami_1053,active,ami_target_desc_1053
o-dang_ami_1054,passive,ami_target_desc_1054
o-dang_ami_1055,passive,ami_target_desc_1055
o-dang_ami_1056,passive,ami_target_desc_1056
o-dang_ami_1057,active,ami_target_desc_1057
o-dang_ami_1058,passive,ami_target_desc_1058
o-dang_ami_1059,passive,ami_target_desc_1059
o-dang_ami_1060,active,ami_target_desc_1060
o-dang_ami_1061,passive,ami_target_desc_1061
o-dang_ami_1062,active,ami_target_desc_1062
o-dang_ami_1063,passive,ami_target_desc_1063
o-dang_ami_1064,passive,ami_target_desc_1064
o-dang_ami_1065,passive,ami_target_desc_1065
o-dang_ami_1066,passive,ami_target_desc_1066
o-dang_ami_1067,passive,ami_target_desc_1067
o-dang_ami_1068,passive,ami_target_desc_1068
o-dang_ami_1069,passive,ami_target_desc_1069
o-dang_ami_1070,passive,ami_target_desc_1070
o-dang_ami_1071,passive,ami_target_desc_1071
o-dang_ami_1072,active,ami_target_desc_1072
o-dang_ami_1073,passive,ami_target_desc_1073
o-dang_ami_1074,passive,ami_target_desc_1074
o-dang_ami_1075,active,ami_target_desc_1075
o-dang_ami_1076,active,ami_target_desc_1076
o-dang_ami_1077,passive,ami_target_desc_1077
o-dang_ami_1078,active,ami_target_desc_1078
o-dang_ami_1079,passive,ami_target_desc_1079
o-dang_ami_1080,active,ami_target_desc_1080
o-dang_ami_1081,active,ami_target_desc_1081
o-dang_ami_1082,passive,ami_target_desc_1082
o-dang_ami_1083,passive,ami_target_desc_1083
o-dang_ami_1084,active,ami_target_desc_1084
o-dang_ami_1085,passive,ami_target_desc_1085
o-dang_ami_1086,passive,ami_target_desc_1086
o-dang_ami_1087,passive,ami_target_desc_1087
o-dang_ami_1088,passive,ami_target_desc_1088
o-dang_ami_1089,passive,ami_target_desc_1089
o-dang_ami_1090,active,ami_target_desc_1090
o-dang_ami_1091,passive,ami_target_desc_1091
o-dang_ami_1092,passive,ami_target_desc_1092
o-dang_ami_1093,passive,ami_target_desc_1093
o-dang_ami_1094,passive,ami_target_desc_1094
o-dang_ami_1095,passive,ami_target_desc_1095
o-dang_ami_1096,passive,ami_target_desc_1096
o-dang_ami_1097,active,ami_target_desc_1097
o-dang_ami_1098,active,ami_target_desc_1098
o-dang_ami_1099,passive,ami_target_desc_1099
o-dang_ami_1100,active,ami_target_desc_1100
o-dang_ami_1101,passive,ami_target_desc_1101
o-dang_ami_1102,passive,ami_target_desc_1102
o-dang_ami_1103,passive,ami_target_desc_1103
o-dang_ami_1104,active,ami_target_desc_1104
o-dang_ami_1105,active,ami_target_desc_1105
o-dang_ami_1106,active,ami_target_desc_1106
o-dang_ami_1107,passive,ami_target_desc_1107
o-dang_ami_1108,active,ami_target_desc_1108
o-dang_ami_1109,passive,ami_target_desc_1109
o-dang_ami_1110,passive,ami_target_desc_1110
o-dang_ami_1111,passive,ami_target_desc_1111
o-dang_ami_1112,passive,ami_target_desc_1112
o-dang_ami_1113,passive,ami_target_desc_1113
o-dang_ami_1114,passive,ami_target_desc_1114
o-dang_ami_1115,passive,ami_target_desc_1115
o-dang_ami_1116,passive,ami_target_desc_1116
o-dang_ami_1117,active,ami_target_desc_1117
o-dang_ami_1118,passive,ami_target_desc_1118
o-dang_ami_1119,passive,ami_target_desc_1119
o-dang_ami_1120,passive,ami_target_desc_1120
o-dang_ami_1121,passive,ami_target_desc_1121
o-dang_ami_1122,passive,ami_target_desc_1122
o-dang_ami_1123,passive,ami_target_desc_1123
o-dang_ami_1124,passive,ami_target_desc_1124
o-dang_ami_1125,passive,ami_target_desc_1125
o-dang_ami_1126,passive,ami_target_desc_1126
o-dang_ami_1127,passive,ami_target_desc_1127
o-dang_ami_1128,passive,ami_target_desc_1128
o-dang_ami_1129,active,ami_target_desc_1129
o-dang_ami_1130,active,ami_target_desc_1130
o-dang_ami_1131,passive,ami_target_desc_1131
o-dang_ami_1132,passive,ami_target_desc_1132
o-dang_ami_1133,active,ami_target_desc_1133
o-dang_ami_1134,active,ami_target_desc_1134
o-dang_ami_1135,passive,ami_target_desc_1135
o-dang_ami_1136,passive,ami_target_desc_1136
o-dang_ami_1137,active,ami_target_desc_1137
o-dang_ami_1138,passive,ami_target_desc_1138
o-dang_ami_1139,active,ami_target_desc_1139
o-dang_ami_1140,active,ami_target_desc_1140
o-dang_ami_1141,active,ami_target_desc_1141
o-dang_ami_1142,active,ami_target_desc_1142
o-dang_ami_1143,active,ami_target_desc_1143
o-dang_ami_1144,passive,ami_target_desc_1144
o-dang_ami_1145,passive,ami_target_desc_1145
o-dang_ami_1146,passive,ami_target_desc_1146
o-dang_ami_1147,passive,ami_target_desc_1147
o-dang_ami_1148,active,ami_target_desc_1148
o-dang_ami_1149,active,ami_target_desc_1149
o-dang_ami_1150,active,ami_target_desc_1150
o-dang_ami_1151,active,ami_target_desc_1151
o-dang_ami_1152,passive,ami_target_desc_1152
o-dang_ami_1153,active,ami_target_desc_1153
o-dang_ami_1154,passive,ami_target_desc_1154
o-dang_ami_1155,active,ami_target_desc_1155
o-dang_ami_1156,passive,ami_target_desc_1156
o-dang_ami_1157,active,ami_target_desc_1157
o-dang_ami_1158,active,ami_target_desc_1158
o-dang_ami_1159,passive,ami_target_desc_1159
o-dang_ami_1160,active,ami_target_desc_1160
o-dang_ami_1161,active,ami_target_desc_1161
o-dang_ami_1162,passive,ami_target_desc_1162
o-dang_ami_1163,active,ami_target_desc_1163
o-dang_ami_1164,active,ami_target_desc_1164
o-dang_ami_1165,active,ami_target_desc_1165
o-dang_ami_1166,active,ami_target_desc_1166
o-dang_ami_1167,active,ami_target_desc_1167
o-dang_ami_1168,active,ami_target_desc_1168
o-dang_ami_1169,active,ami_target_desc_1169
o-dang_ami_1170,passive,ami_target_desc_1170
o-dang_ami_1171,active,ami_target_desc_1171
o-dang_ami_1172,passive,ami_target_desc_1172
o-dang_ami_1173,active,ami_target_desc_1173
o-dang_ami_1174,active,ami_target_desc_1174
o-dang_ami_1175,active,ami_target_desc_1175
o-dang_ami_1176,active,ami_target_desc_1176
o-dang_ami_1177,active,ami_target_desc_1177
o-dang_ami_1178,active,ami_target_desc_1178
o-dang_ami_1179,active,ami_target_desc_1179
o-dang_ami_1180,passive,ami_target_desc_1180
o-dang_ami_1181,active,ami_target_desc_1181
o-dang_ami_1182,active,ami_target_desc_1182
o-dang_ami_1183,active,ami_target_desc_1183
o-dang_ami_1184,active,ami_target_desc_1184
o-dang_ami_1185,active,ami_target_desc_1185
o-dang_ami_1186,active,ami_target_desc_1186
o-dang_ami_1187,active,ami_target_desc_1187
o-dang_ami_1188,active,ami_target_desc_1188
o-dang_ami_1189,active,ami_target_desc_1189
o-dang_ami_1190,active,ami_target_desc_1190
o-dang_ami_1191,active,ami_target_desc_1191
o-dang_ami_1192,active,ami_target_desc_1192
o-dang_ami_1193,active,ami_target_desc_1193
o-dang_ami_1194,active,ami_target_desc_1194
o-dang_ami_1195,active,ami_target_desc_1195
o-dang_ami_1196,active,ami_target_desc_1196
o-dang_ami_1197,active,ami_target_desc_1197
o-dang_ami_1198,active,ami_target_desc_1198
o-dang_ami_1199,active,ami_target_desc_1199
o-dang_ami_1200,active,ami_target_desc_1200
o-dang_ami_1201,active,ami_target_desc_1201
o-dang_ami_1202,active,ami_target_desc_1202
o-dang_ami_1203,active,ami_target_desc_1203
o-dang_ami_1204,active,ami_target_desc_1204
o-dang_ami_1205,active,ami_target_desc_1205
o-dang_ami_1206,active,ami_target_desc_1206
o-dang_ami_1207,active,ami_target_desc_1207
o-dang_ami_1208,active,ami_target_desc_1208
o-dang_ami_1209,active,ami_target_desc_1209
o-dang_ami_1210,active,ami_target_desc_1210
o-dang_ami_1211,active,ami_target_desc_1211
o-dang_ami_1212,passive,ami_target_desc_1212
o-dang_ami_1213,passive,ami_target_desc_1213
o-dang_ami_1214,passive,ami_target_desc_1214
o-dang_ami_1215,passive,ami_target_desc_1215
o-dang_ami_1216,passive,ami_target_desc_1216
o-dang_ami_1217,active,ami_target_desc_1217
o-dang_ami_1218,passive,ami_target_desc_1218
o-dang_ami_1219,passive,ami_target_desc_1219
o-dang_ami_1220,passive,ami_target_desc_1220
o-dang_ami_1221,passive,ami_target_desc_1221
o-dang_ami_1222,active,ami_target_desc_1222
o-dang_ami_1223,active,ami_target_desc_1223
o-dang_ami_1224,active,ami_target_desc_1224
o-dang_ami_1225,active,ami_target_desc_1225
o-dang_ami_1226,active,ami_target_desc_1226
o-dang_ami_1227,active,ami_target_desc_1227
o-dang_ami_1228,active,ami_target_desc_1228
o-dang_ami_1229,active,ami_target_desc_1229
o-dang_ami_1230,active,ami_target_desc_1230
o-dang_ami_1231,active,ami_target_desc_1231
o-dang_ami_1232,passive,ami_target_desc_1232
o-dang_ami_1233,passive,ami_target_desc_1233
o-dang_ami_1234,active,ami_target_desc_1234
o-dang_ami_1235,passive,ami_target_desc_1235
o-dang_ami_1236,active,ami_target_desc_1236
o-dang_ami_1237,active,ami_target_desc_1237
o-dang_ami_1238,active,ami_target_desc_1238
o-dang_ami_1239,active,ami_target_desc_1239
o-dang_ami_1240,active,ami_target_desc_1240
o-dang_ami_1241,active,ami_target_desc_1241
o-dang_ami_1242,active,ami_target_desc_1242
o-dang_ami_1243,active,ami_target_desc_1243
o-dang_ami_1244,active,ami_target_desc_1244
o-dang_ami_1245,active,ami_target_desc_1245
o-dang_ami_1246,active,ami_target_desc_1246
o-dang_ami_1247,passive,ami_target_desc_1247
o-dang_ami_1248,active,ami_target_desc_1248
o-dang_ami_1249,passive,ami_target_desc_1249
o-dang_ami_1250,active,ami_target_desc_1250
o-dang_ami_1251,passive,ami_target_desc_1251
o-dang_ami_1252,passive,ami_target_desc_1252
o-dang_ami_1253,active,ami_target_desc_1253
o-dang_ami_1254,active,ami_target_desc_1254
o-dang_ami_1255,active,ami_target_desc_1255
o-dang_ami_1256,active,ami_target_desc_1256
o-dang_ami_1257,active,ami_target_desc_1257
o-dang_ami_1258,active,ami_target_desc_1258
o-dang_ami_1259,active,ami_target_desc_1259
o-dang_ami_1260,active,ami_target_desc_1260
o-dang_ami_1261,active,ami_target_desc_1261
o-dang_ami_1262,active,ami_target_desc_1262
o-dang_ami_1263,active,ami_target_desc_1263
o-dang_ami_1264,active,ami_target_desc_1264
o-dang_ami_1265,active,ami_target_desc_1265
o-dang_ami_1266,active,ami_target_desc_1266
o-dang_ami_1267,active,ami_target_desc_1267
o-dang_ami_1268,active,ami_target_desc_1268
o-dang_ami_1269,passive,ami_target_desc_1269
o-dang_ami_1270,active,ami_target_desc_1270
o-dang_ami_1271,active,ami_target_desc_1271
o-dang_ami_1272,active,ami_target_desc_1272
o-dang_ami_1273,active,ami_target_desc_1273
o-dang_ami_1274,active,ami_target_desc_1274
o-dang_ami_1275,active,ami_target_desc_1275
o-dang_ami_1276,active,ami_target_desc_1276
o-dang_ami_1277,active,ami_target_desc_1277
o-dang_ami_1278,active,ami_target_desc_1278
o-dang_ami_1279,active,ami_target_desc_1279
o-dang_ami_1280,active,ami_target_desc_1280
o-dang_ami_1281,active,ami_target_desc_1281
o-dang_ami_1282,active,ami_target_desc_1282
o-dang_ami_1283,active,ami_target_desc_1283
o-dang_ami_1284,active,ami_target_desc_1284
o-dang_ami_1285,active,ami_target_desc_1285
o-dang_ami_1286,active,ami_target_desc_1286
o-dang_ami_1287,active,ami_target_desc_1287
o-dang_ami_1288,active,ami_target_desc_1288
o-dang_ami_1289,active,ami_target_desc_1289
o-dang_ami_1290,active,ami_target_desc_1290
o-dang_ami_1291,active,ami_target_desc_1291
o-dang_ami_1292,active,ami_target_desc_1292
o-dang_ami_1293,active,ami_target_desc_1293
o-dang_ami_1294,active,ami_target_desc_1294
o-dang_ami_1295,passive,ami_target_desc_1295
o-dang_ami_1296,passive,ami_target_desc_1296
o-dang_ami_1297,active,ami_target_desc_1297
o-dang_ami_1298,active,ami_target_desc_1298
o-dang_ami_1299,active,ami_target_desc_1299
o-dang_ami_1300,active,ami_target_desc_1300
o-dang_ami_1301,active,ami_target_desc_1301
o-dang_ami_1302,passive,ami_target_desc_1302
o-dang_ami_1303,passive,ami_target_desc_1303
o-dang_ami_1304,passive,ami_target_desc_1304
o-dang_ami_1305,passive,ami_target_desc_1305
o-dang_ami_1306,passive,ami_target_desc_1306
o-dang_ami_1307,passive,ami_target_desc_1307
o-dang_ami_1308,passive,ami_target_desc_1308
o-dang_ami_1309,passive,ami_target_desc_1309
o-dang_ami_1310,active,ami_target_desc_1310
o-dang_ami_1311,passive,ami_target_desc_1311
o-dang_ami_1312,active,ami_target_desc_1312
o-dang_ami_1313,active,ami_target_desc_1313
o-dang_ami_1314,passive,ami_target_desc_1314
o-dang_ami_1315,active,ami_target_desc_1315
o-dang_ami_1316,active,ami_target_desc_1316
o-dang_ami_1317,active,ami_target_desc_1317
o-dang_ami_1318,active,ami_target_desc_1318
o-dang_ami_1319,passive,ami_target_desc_1319
o-dang_ami_1320,active,ami_target_desc_1320
o-dang_ami_1321,active,ami_target_desc_1321
o-dang_ami_1322,passive,ami_target_desc_1322
o-dang_ami_1323,active,ami_target_desc_1323
o-dang_ami_1324,active,ami_target_desc_1324
o-dang_ami_1325,passive,ami_target_desc_1325
o-dang_ami_1326,active,ami_target_desc_1326
o-dang_ami_1327,active,ami_target_desc_1327
o-dang_ami_1328,active,ami_target_desc_1328
o-dang_ami_1329,active,ami_target_desc_1329
o-dang_ami_1330,active,ami_target_desc_1330
o-dang_ami_1331,active,ami_target_desc_1331
o-dang_ami_1332,active,ami_target_desc_1332
o-dang_ami_1333,passive,ami_target_desc_1333
o-dang_ami_1334,active,ami_target_desc_1334
o-dang_ami_1335,passive,ami_target_desc_1335
o-dang_ami_1336,active,ami_target_desc_1336
o-dang_ami_1337,active,ami_target_desc_1337
o-dang_ami_1338,active,ami_target_desc_1338
o-dang_ami_1339,passive,ami_target_desc_1339
o-dang_ami_1340,passive,ami_target_desc_1340
o-dang_ami_1341,active,ami_target_desc_1341
o-dang_ami_1342,passive,ami_target_desc_1342
o-dang_ami_1343,active,ami_target_desc_1343
o-dang_ami_1344,passive,ami_target_desc_1344
o-dang_ami_1345,passive,ami_target_desc_1345
o-dang_ami_1346,active,ami_target_desc_1346
o-dang_ami_1347,active,ami_target_desc_1347
o-dang_ami_1348,active,ami_target_desc_1348
o-dang_ami_1349,passive,ami_target_desc_1349
o-dang_ami_1350,passive,ami_target_desc_1350
o-dang_ami_1351,active,ami_target_desc_1351
o-dang_ami_1352,passive,ami_target_desc_1352
o-dang_ami_1353,active,ami_target_desc_1353
o-dang_ami_1354,active,ami_target_desc_1354
o-dang_ami_1355,active,ami_target_desc_1355
o-dang_ami_1356,active,ami_target_desc_1356
o-dang_ami_1357,passive,ami_target_desc_1357
o-dang_ami_1358,active,ami_target_desc_1358
o-dang_ami_1359,passive,ami_target_desc_1359
o-dang_ami_1360,active,ami_target_desc_1360
o-dang_ami_1361,active,ami_target_desc_1361
o-dang_ami_1362,active,ami_target_desc_1362
o-dang_ami_1363,active,ami_target_desc_1363
o-dang_ami_1364,passive,ami_target_desc_1364
o-dang_ami_1365,passive,ami_target_desc_1365
o-dang_ami_1366,passive,ami_target_desc_1366
o-dang_ami_1367,passive,ami_target_desc_1367
o-dang_ami_1368,passive,ami_target_desc_1368
o-dang_ami_1369,active,ami_target_desc_1369
o-dang_ami_1370,active,ami_target_desc_1370
o-dang_ami_1371,passive,ami_target_desc_1371
o-dang_ami_1372,passive,ami_target_desc_1372
o-dang_ami_1373,passive,ami_target_desc_1373
o-dang_ami_1374,passive,ami_target_desc_1374
o-dang_ami_1375,passive,ami_target_desc_1375
o-dang_ami_1376,passive,ami_target_desc_1376
o-dang_ami_1377,passive,ami_target_desc_1377
o-dang_ami_1378,active,ami_target_desc_1378
o-dang_ami_1379,passive,ami_target_desc_1379
o-dang_ami_1380,passive,ami_target_desc_1380
o-dang_ami_1381,passive,ami_target_desc_1381
o-dang_ami_1382,passive,ami_target_desc_1382
o-dang_ami_1383,active,ami_target_desc_1383
o-dang_ami_1384,passive,ami_target_desc_1384
o-dang_ami_1385,passive,ami_target_desc_1385
o-dang_ami_1386,active,ami_target_desc_1386
o-dang_ami_1387,active,ami_target_desc_1387
o-dang_ami_1388,active,ami_target_desc_1388
o-dang_ami_1389,passive,ami_target_desc_1389
o-dang_ami_1390,active,ami_target_desc_1390
o-dang_ami_1391,active,ami_target_desc_1391
o-dang_ami_1392,passive,ami_target_desc_1392
o-dang_ami_1393,passive,ami_target_desc_1393
o-dang_ami_1394,active,ami_target_desc_1394
o-dang_ami_1395,active,ami_target_desc_1395
o-dang_ami_1396,active,ami_target_desc_1396
o-dang_ami_1397,active,ami_target_desc_1397
o-dang_ami_1398,active,ami_target_desc_1398
o-dang_ami_1399,active,ami_target_desc_1399
o-dang_ami_1400,active,ami_target_desc_1400
o-dang_ami_1401,active,ami_target_desc_1401
o-dang_ami_1402,active,ami_target_desc_1402
o-dang_ami_1403,active,ami_target_desc_1403
o-dang_ami_1404,passive,ami_target_desc_1404
o-dang_ami_1405,passive,ami_target_desc_1405
o-dang_ami_1406,active,ami_target_desc_1406
o-dang_ami_1407,active,ami_target_desc_1407
o-dang_ami_1408,active,ami_target_desc_1408
o-dang_ami_1409,active,ami_target_desc_1409
o-dang_ami_1410,active,ami_target_desc_1410
o-dang_ami_1411,active,ami_target_desc_1411
o-dang_ami_1412,active,ami_target_desc_1412
o-dang_ami_1413,active,ami_target_desc_1413
o-dang_ami_1414,active,ami_target_desc_1414
o-dang_ami_1415,active,ami_target_desc_1415
o-dang_ami_1416,passive,ami_target_desc_1416
o-dang_ami_1417,active,ami_target_desc_1417
o-dang_ami_1418,active,ami_target_desc_1418
o-dang_ami_1419,passive,ami_target_desc_1419
o-dang_ami_1420,active,ami_target_desc_1420
o-dang_ami_1421,passive,ami_target_desc_1421
o-dang_ami_1422,passive,ami_target_desc_1422
o-dang_ami_1423,passive,ami_target_desc_1423
o-dang_ami_1424,passive,ami_target_desc_1424
o-dang_ami_1425,active,ami_target_desc_1425
o-dang_ami_1426,passive,ami_target_desc_1426
o-dang_ami_1427,passive,ami_target_desc_1427
o-dang_ami_1428,active,ami_target_desc_1428
o-dang_ami_1429,active,ami_target_desc_1429
o-dang_ami_1430,passive,ami_target_desc_1430
o-dang_ami_1431,passive,ami_target_desc_1431
o-dang_ami_1432,active,ami_target_desc_1432
o-dang_ami_1433,passive,ami_target_desc_1433
o-dang_ami_1434,active,ami_target_desc_1434
o-dang_ami_1435,active,ami_target_desc_1435
o-dang_ami_1436,active,ami_target_desc_1436
o-dang_ami_1437,active,ami_target_desc_1437
o-dang_ami_1438,active,ami_target_desc_1438
o-dang_ami_1439,passive,ami_target_desc_1439
o-dang_ami_1440,active,ami_target_desc_1440
o-dang_ami_1441,active,ami_target_desc_1441
o-dang_ami_1442,active,ami_target_desc_1442
o-dang_ami_1443,active,ami_target_desc_1443
o-dang_ami_1444,passive,ami_target_desc_1444
o-dang_ami_1445,active,ami_target_desc_1445
o-dang_ami_1446,passive,ami_target_desc_1446
o-dang_ami_1447,active,ami_target_desc_1447
o-dang_ami_1448,active,ami_target_desc_1448
o-dang_ami_1449,active,ami_target_desc_1449
o-dang_ami_1450,active,ami_target_desc_1450
o-dang_ami_1451,active,ami_target_desc_1451
o-dang_ami_1452,passive,ami_target_desc_1452
o-dang_ami_1453,active,ami_target_desc_1453
o-dang_ami_1454,passive,ami_target_desc_1454
o-dang_ami_1455,passive,ami_target_desc_1455
o-dang_ami_1456,active,ami_target_desc_1456
o-dang_ami_1457,active,ami_target_desc_1457
o-dang_ami_1458,active,ami_target_desc_1458
o-dang_ami_1459,active,ami_target_desc_1459
o-dang_ami_1460,passive,ami_target_desc_1460
o-dang_ami_1461,passive,ami_target_desc_1461
o-dang_ami_1462,active,ami_target_desc_1462
o-dang_ami_1463,active,ami_target_desc_1463
o-dang_ami_1464,passive,ami_target_desc_1464
o-dang_ami_1465,active,ami_target_desc_1465
o-dang_ami_1466,passive,ami_target_desc_1466
o-dang_ami_1467,active,ami_target_desc_1467
o-dang_ami_1468,passive,ami_target_desc_1468
o-dang_ami_1469,active,ami_target_desc_1469
o-dang_ami_1470,active,ami_target_desc_1470
o-dang_ami_1471,active,ami_target_desc_1471
o-dang_ami_1472,active,ami_target_desc_1472
o-dang_ami_1473,active,ami_target_desc_1473
o-dang_ami_1474,active,ami_target_desc_1474
o-dang_ami_1475,passive,ami_target_desc_1475
o-dang_ami_1476,active,ami_target_desc_1476
o-dang_ami_1477,active,ami_target_desc_1477
o-dang_ami_1478,active,ami_target_desc_1478
o-dang_ami_1479,active,ami_target_desc_1479
o-dang_ami_1480,active,ami_target_desc_1480
o-dang_ami_1481,active,ami_target_desc_1481
o-dang_ami_1482,active,ami_target_desc_1482
o-dang_ami_1483,active,ami_target_desc_1483
o-dang_ami_1484,active,ami_target_desc_1484
o-dang_ami_1485,active,ami_target_desc_1485
o-dang_ami_1486,active,ami_target_desc_1486
o-dang_ami_1487,active,ami_target_desc_1487
o-dang_ami_1488,active,ami_target_desc_1488
o-dang_ami_1489,passive,ami_target_desc_1489
o-dang_ami_1490,active,ami_target_desc_1490
o-dang_ami_1491,passive,ami_target_desc_1491
o-dang_ami_1492,passive,ami_target_desc_1492
o-dang_ami_1493,active,ami_target_desc_1493
o-dang_ami_1494,active,ami_target_desc_1494
o-dang_ami_1495,passive,ami_target_desc_1495
o-dang_ami_1496,active,ami_target_desc_1496
o-dang_ami_1497,active,ami_target_desc_1497
o-dang_ami_1498,passive,ami_target_desc_1498
o-dang_ami_1499,passive,ami_target_desc_1499
o-dang_ami_1500,active,ami_target_desc_1500
o-dang_ami_1501,passive,ami_target_desc_1501
o-dang_ami_1502,active,ami_target_desc_1502
o-dang_ami_1503,active,ami_target_desc_1503
o-dang_ami_1504,active,ami_target_desc_1504
o-dang_ami_1505,passive,ami_target_desc_1505
o-dang_ami_1506,active,ami_target_desc_1506
o-dang_ami_1507,active,ami_target_desc_1507
o-dang_ami_1508,active,ami_target_desc_1508
o-dang_ami_1509,active,ami_target_desc_1509
o-dang_ami_1510,active,ami_target_desc_1510
o-dang_ami_1511,active,ami_target_desc_1511
o-dang_ami_1512,active,ami_target_desc_1512
o-dang_ami_1513,active,ami_target_desc_1513
o-dang_ami_1514,active,ami_target_desc_1514
o-dang_ami_1515,active,ami_target_desc_1515
o-dang_ami_1516,active,ami_target_desc_1516
o-dang_ami_1517,active,ami_target_desc_1517
o-dang_ami_1518,active,ami_target_desc_1518
o-dang_ami_1519,active,ami_target_desc_1519
o-dang_ami_1520,active,ami_target_desc_1520
o-dang_ami_1521,active,ami_target_desc_1521
o-dang_ami_1522,active,ami_target_desc_1522
o-dang_ami_1523,active,ami_target_desc_1523
o-dang_ami_1524,active,ami_target_desc_1524
o-dang_ami_1525,passive,ami_target_desc_1525
o-dang_ami_1526,active,ami_target_desc_1526
o-dang_ami_1527,active,ami_target_desc_1527
o-dang_ami_1528,active,ami_target_desc_1528
o-dang_ami_1529,passive,ami_target_desc_1529
o-dang_ami_1530,active,ami_target_desc_1530
o-dang_ami_1531,active,ami_target_desc_1531
o-dang_ami_1532,active,ami_target_desc_1532
o-dang_ami_1533,active,ami_target_desc_1533
o-dang_ami_1534,active,ami_target_desc_1534
o-dang_ami_1535,passive,ami_target_desc_1535
o-dang_ami_1536,passive,ami_target_desc_1536
o-dang_ami_1537,active,ami_target_desc_1537
o-dang_ami_1538,passive,ami_target_desc_1538
o-dang_ami_1539,passive,ami_target_desc_1539
o-dang_ami_1540,passive,ami_target_desc_1540
o-dang_ami_1541,passive,ami_target_desc_1541
o-dang_ami_1542,passive,ami_target_desc_1542
o-dang_ami_1543,passive,ami_target_desc_1543
o-dang_ami_1544,passive,ami_target_desc_1544
o-dang_ami_1545,active,ami_target_desc_1545
o-dang_ami_1546,active,ami_target_desc_1546
o-dang_ami_1547,active,ami_target_desc_1547
o-dang_ami_1548,passive,ami_target_desc_1548
o-dang_ami_1549,passive,ami_target_desc_1549
o-dang_ami_1550,passive,ami_target_desc_1550
o-dang_ami_1551,passive,ami_target_desc_1551
o-dang_ami_1552,passive,ami_target_desc_1552
o-dang_ami_1553,active,ami_target_desc_1553
o-dang_ami_1554,active,ami_target_desc_1554
o-dang_ami_1555,passive,ami_target_desc_1555
o-dang_ami_1556,passive,ami_target_desc_1556
o-dang_ami_1557,active,ami_target_desc_1557
o-dang_ami_1558,active,ami_target_desc_1558
o-dang_ami_1559,active,ami_target_desc_1559
o-dang_ami_1560,passive,ami_target_desc_1560
o-dang_ami_1561,passive,ami_target_desc_1561
o-dang_ami_1562,passive,ami_target_desc_1562
o-dang_ami_1563,passive,ami_target_desc_1563
o-dang_ami_1564,active,ami_target_desc_1564
o-dang_ami_1565,passive,ami_target_desc_1565
o-dang_ami_1566,active,ami_target_desc_1566
o-dang_ami_1567,active,ami_target_desc_1567
o-dang_ami_1568,active,ami_target_desc_1568
o-dang_ami_1569,active,ami_target_desc_1569
o-dang_ami_1570,passive,ami_target_desc_1570
o-dang_ami_1571,passive,ami_target_desc_1571
o-dang_ami_1572,passive,ami_target_desc_1572
o-dang_ami_1573,passive,ami_target_desc_1573
o-dang_ami_1574,active,ami_target_desc_1574
o-dang_ami_1575,passive,ami_target_desc_1575
o-dang_ami_1576,passive,ami_target_desc_1576
o-dang_ami_1577,passive,ami_target_desc_1577
o-dang_ami_1578,passive,ami_target_desc_1578
o-dang_ami_1579,passive,ami_target_desc_1579
o-dang_ami_1580,passive,ami_target_desc_1580
o-dang_ami_1581,passive,ami_target_desc_1581
o-dang_ami_1582,active,ami_target_desc_1582
o-dang_ami_1583,passive,ami_target_desc_1583
o-dang_ami_1584,active,ami_target_desc_1584
o-dang_ami_1585,active,ami_target_desc_1585
o-dang_ami_1586,active,ami_target_desc_1586
o-dang_ami_1587,active,ami_target_desc_1587
o-dang_ami_1588,active,ami_target_desc_1588
o-dang_ami_1589,passive,ami_target_desc_1589
o-dang_ami_1590,active,ami_target_desc_1590
o-dang_ami_1591,active,ami_target_desc_1591
o-dang_ami_1592,active,ami_target_desc_1592
o-dang_ami_1593,active,ami_target_desc_1593
o-dang_ami_1594,active,ami_target_desc_1594
o-dang_ami_1595,active,ami_target_desc_1595
o-dang_ami_1596,passive,ami_target_desc_1596
o-dang_ami_1597,passive,ami_target_desc_1597
o-dang_ami_1598,passive,ami_target_desc_1598
o-dang_ami_1599,passive,ami_target_desc_1599
o-dang_ami_1600,active,ami_target_desc_1600
o-dang_ami_1601,active,ami_target_desc_1601
o-dang_ami_1602,active,ami_target_desc_1602
o-dang_ami_1603,active,ami_target_desc_1603
o-dang_ami_1604,active,ami_target_desc_1604
o-dang_ami_1605,active,ami_target_desc_1605
o-dang_ami_1606,passive,ami_target_desc_1606
o-dang_ami_1607,passive,ami_target_desc_1607
o-dang_ami_1608,passive,ami_target_desc_1608
o-dang_ami_1609,passive,ami_target_desc_1609
o-dang_ami_1610,passive,ami_target_desc_1610
o-dang_ami_1611,active,ami_target_desc_1611
o-dang_ami_1612,active,ami_target_desc_1612
o-dang_ami_1613,active,ami_target_desc_1613
o-dang_ami_1614,passive,ami_target_desc_1614
o-dang_ami_1615,passive,ami_target_desc_1615
o-dang_ami_1616,passive,ami_target_desc_1616
o-dang_ami_1617,passive,ami_target_desc_1617
o-dang_ami_1618,active,ami_target_desc_1618
o-dang_ami_1619,active,ami_target_desc_1619
o-dang_ami_1620,active,ami_target_desc_1620
o-dang_ami_1621,active,ami_target_desc_1621
o-dang_ami_1622,passive,ami_target_desc_1622
o-dang_ami_1623,active,ami_target_desc_1623
o-dang_ami_1624,active,ami_target_desc_1624
o-dang_ami_1625,active,ami_target_desc_1625
o-dang_ami_1626,passive,ami_target_desc_1626
o-dang_ami_1627,active,ami_target_desc_1627
o-dang_ami_1628,active,ami_target_desc_1628
o-dang_ami_1629,active,ami_target_desc_1629
o-dang_ami_1630,passive,ami_target_desc_1630
o-dang_ami_1631,active,ami_target_desc_1631
o-dang_ami_1632,active,ami_target_desc_1632
o-dang_ami_1633,active,ami_target_desc_1633
o-dang_ami_1634,passive,ami_target_desc_1634
o-dang_ami_1635,active,ami_target_desc_1635
o-dang_ami_1636,passive,ami_target_desc_1636
o-dang_ami_1637,passive,ami_target_desc_1637
o-dang_ami_1638,passive,ami_target_desc_1638
o-dang_ami_1639,active,ami_target_desc_1639
o-dang_ami_1640,passive,ami_target_desc_1640
o-dang_ami_1641,active,ami_target_desc_1641
o-dang_ami_1642,passive,ami_target_desc_1642
o-dang_ami_1643,passive,ami_target_desc_1643
o-dang_ami_1644,active,ami_target_desc_1644
o-dang_ami_1645,active,ami_target_desc_1645
o-dang_ami_1646,passive,ami_target_desc_1646
o-dang_ami_1647,passive,ami_target_desc_1647
o-dang_ami_1648,active,ami_target_desc_1648
o-dang_ami_1649,active,ami_target_desc_1649
o-dang_ami_1650,active,ami_target_desc_1650
o-dang_ami_1651,active,ami_target_desc_1651
o-dang_ami_1652,active,ami_target_desc_1652
o-dang_ami_1653,active,ami_target_desc_1653
o-dang_ami_1654,active,ami_target_desc_1654
o-dang_ami_1655,passive,ami_target_desc_1655
o-dang_ami_1656,passive,ami_target_desc_1656
o-dang_ami_1657,active,ami_target_desc_1657
o-dang_ami_1658,active,ami_target_desc_1658
o-dang_ami_1659,active,ami_target_desc_1659
o-dang_ami_1660,passive,ami_target_desc_1660
o-dang_ami_1661,passive,ami_target_desc_1661
o-dang_ami_1662,passive,ami_target_desc_1662
o-dang_ami_1663,active,ami_target_desc_1663
o-dang_ami_1664,passive,ami_target_desc_1664
o-dang_ami_1665,passive,ami_target_desc_1665
o-dang_ami_1666,active,ami_target_desc_1666
o-dang_ami_1667,passive,ami_target_desc_1667
o-dang_ami_1668,passive,ami_target_desc_1668
o-dang_ami_1669,passive,ami_target_desc_1669
o-dang_ami_1670,passive,ami_target_desc_1670
o-dang_ami_1671,active,ami_target_desc_1671
o-dang_ami_1672,active,ami_target_desc_1672
o-dang_ami_1673,passive,ami_target_desc_1673
o-dang_ami_1674,passive,ami_target_desc_1674
o-dang_ami_1675,passive,ami_target_desc_1675
o-dang_ami_1676,passive,ami_target_desc_1676
o-dang_ami_1677,passive,ami_target_desc_1677
o-dang_ami_1678,passive,ami_target_desc_1678
o-dang_ami_1679,active,ami_target_desc_1679
o-dang_ami_1680,active,ami_target_desc_1680
o-dang_ami_1681,passive,ami_target_desc_1681
o-dang_ami_1682,passive,ami_target_desc_1682
o-dang_ami_1683,active,ami_target_desc_1683
o-dang_ami_1684,passive,ami_target_desc_1684
o-dang_ami_1685,active,ami_target_desc_1685
o-dang_ami_1686,active,ami_target_desc_1686
o-dang_ami_1687,active,ami_target_desc_1687
o-dang_ami_1688,active,ami_target_desc_1688
o-dang_ami_1689,active,ami_target_desc_1689
o-dang_ami_1690,active,ami_target_desc_1690
o-dang_ami_1691,active,ami_target_desc_1691
o-dang_ami_1692,active,ami_target_desc_1692
o-dang_ami_1693,active,ami_target_desc_1693
o-dang_ami_1694,active,ami_target_desc_1694
o-dang_ami_1695,active,ami_target_desc_1695
o-dang_ami_1696,active,ami_target_desc_1696
o-dang_ami_1697,active,ami_target_desc_1697
o-dang_ami_1698,active,ami_target_desc_1698
o-dang_ami_1699,active,ami_target_desc_1699
o-dang_ami_1700,active,ami_target_desc_1700
o-dang_ami_1701,active,ami_target_desc_1701
o-dang_ami_1702,active,ami_target_desc_1702
o-dang_ami_1703,active,ami_target_desc_1703
o-dang_ami_1704,active,ami_target_desc_1704
o-dang_ami_1705,active,ami_target_desc_1705
o-dang_ami_1706,active,ami_target_desc_1706
o-dang_ami_1707,active,ami_target_desc_1707
o-dang_ami_1708,active,ami_target_desc_1708
o-dang_ami_1709,active,ami_target_desc_1709
o-dang_ami_1710,active,ami_target_desc_1710
o-dang_ami_1711,active,ami_target_desc_1711
o-dang_ami_1712,active,ami_target_desc_1712
o-dang_ami_1713,active,ami_target_desc_1713
o-dang_ami_1714,active,ami_target_desc_1714
o-dang_ami_1715,active,ami_target_desc_1715
o-dang_ami_1716,active,ami_target_desc_1716
o-dang_ami_1717,active,ami_target_desc_1717
o-dang_ami_1718,passive,ami_target_desc_1718
o-dang_ami_1719,active,ami_target_desc_1719
o-dang_ami_1720,active,ami_target_desc_1720
o-dang_ami_1721,active,ami_target_desc_1721
o-dang_ami_1722,active,ami_target_desc_1722
o-dang_ami_1723,active,ami_target_desc_1723
o-dang_ami_1724,active,ami_target_desc_1724
o-dang_ami_1725,active,ami_target_desc_1725
o-dang_ami_1726,passive,ami_target_desc_1726
o-dang_ami_1727,active,ami_target_desc_1727
o-dang_ami_1728,active,ami_target_desc_1728
o-dang_ami_1729,active,ami_target_desc_1729
o-dang_ami_1730,active,ami_target_desc_1730
o-dang_ami_1731,active,ami_target_desc_1731
o-dang_ami_1732,active,ami_target_desc_1732
o-dang_ami_1733,passive,ami_target_desc_1733
o-dang_ami_1734,passive,ami_target_desc_1734
o-dang_ami_1735,passive,ami_target_desc_1735
o-dang_ami_1736,active,ami_target_desc_1736
o-dang_ami_1737,active,ami_target_desc_1737
o-dang_ami_1738,passive,ami_target_desc_1738
o-dang_ami_1739,passive,ami_target_desc_1739
o-dang_ami_1740,active,ami_target_desc_1740
o-dang_ami_1741,passive,ami_target_desc_1741
o-dang_ami_1742,active,ami_target_desc_1742
o-dang_ami_1743,active,ami_target_desc_1743
o-dang_ami_1744,active,ami_target_desc_1744
o-dang_ami_1745,active,ami_target_desc_1745
o-dang_ami_1746,passive,ami_target_desc_1746
o-dang_ami_1747,active,ami_target_desc_1747
o-dang_ami_1748,active,ami_target_desc_1748
o-dang_ami_1749,active,ami_target_desc_1749
o-dang_ami_1750,active,ami_target_desc_1750
o-dang_ami_1751,active,ami_target_desc_1751
o-dang_ami_1752,active,ami_target_desc_1752
o-dang_ami_1753,active,ami_target_desc_1753
o-dang_ami_1754,active,ami_target_desc_1754
o-dang_ami_1755,active,ami_target_desc_1755
o-dang_ami_1756,active,ami_target_desc_1756
o-dang_ami_1757,active,ami_target_desc_1757
o-dang_ami_1758,active,ami_target_desc_1758
o-dang_ami_3931,passive,ami_target_desc_1759
o-dang_ami_3932,passive,ami_target_desc_1760
o-dang_ami_3933,passive,ami_target_desc_1761
o-dang_ami_3934,passive,ami_target_desc_1762
o-dang_ami_3935,passive,ami_target_desc_1763
o-dang_ami_3936,passive,ami_target_desc_1764
o-dang_ami_3937,passive,ami_target_desc_1765
o-dang_ami_3938,passive,ami_target_desc_1766
o-dang_ami_3939,passive,ami_target_desc_1767
o-dang_ami_3940,passive,ami_target_desc_1768
o-dang_ami_3941,passive,ami_target_desc_1769
o-dang_ami_3942,passive,ami_target_desc_1770
o-dang_ami_3943,passive,ami_target_desc_1771
o-dang_ami_3944,passive,ami_target_desc_1772
o-dang_ami_3945,passive,ami_target_desc_1773
o-dang_ami_3946,passive,ami_target_desc_1774
o-dang_ami_3947,passive,ami_target_desc_1775
o-dang_ami_3948,passive,ami_target_desc_1776
o-dang_ami_3949,passive,ami_target_desc_1777
o-dang_ami_3950,passive,ami_target_desc_1778
o-dang_ami_3951,passive,ami_target_desc_1779
o-dang_ami_3952,passive,ami_target_desc_1780
o-dang_ami_3953,passive,ami_target_desc_1781
o-dang_ami_3954,passive,ami_target_desc_1782
o-dang_ami_3955,passive,ami_target_desc_1783
o-dang_ami_3956,passive,ami_target_desc_1784
o-dang_ami_4002,active,ami_target_desc_1785
o-dang_ami_4008,active,ami_target_desc_1786
o-dang_ami_4010,active,ami_target_desc_1787
o-dang_ami_4011,active,ami_target_desc_1788
o-dang_ami_4012,active,ami_target_desc_1789
o-dang_ami_4013,active,ami_target_desc_1790
o-dang_ami_4014,active,ami_target_desc_1791
o-dang_ami_4015,active,ami_target_desc_1792
o-dang_ami_4016,active,ami_target_desc_1793
o-dang_ami_4018,active,ami_target_desc_1794
o-dang_ami_4021,active,ami_target_desc_1795
o-dang_ami_4025,active,ami_target_desc_1796
o-dang_ami_4026,active,ami_target_desc_1797
o-dang_ami_4027,active,ami_target_desc_1798
o-dang_ami_4032,active,ami_target_desc_1799
o-dang_ami_4035,active,ami_target_desc_1800
o-dang_ami_4036,active,ami_target_desc_1801
o-dang_ami_4038,passive,ami_target_desc_1802
o-dang_ami_4039,active,ami_target_desc_1803
o-dang_ami_4040,active,ami_target_desc_1804
o-dang_ami_4042,active,ami_target_desc_1805
o-dang_ami_4043,active,ami_target_desc_1806
o-dang_ami_4045,active,ami_target_desc_1807
o-dang_ami_4046,active,ami_target_desc_1808
o-dang_ami_4047,active,ami_target_desc_1809
o-dang_ami_4048,active,ami_target_desc_1810
o-dang_ami_4049,active,ami_target_desc_1811
o-dang_ami_4051,passive,ami_target_desc_1812
o-dang_ami_4053,active,ami_target_desc_1813
o-dang_ami_4054,active,ami_target_desc_1814
o-dang_ami_4055,active,ami_target_desc_1815
o-dang_ami_4056,active,ami_target_desc_1816
o-dang_ami_4057,active,ami_target_desc_1817
o-dang_ami_4058,active,ami_target_desc_1818
o-dang_ami_4059,active,ami_target_desc_1819
o-dang_ami_4060,active,ami_target_desc_1820
o-dang_ami_4063,passive,ami_target_desc_1821
o-dang_ami_4065,active,ami_target_desc_1822
o-dang_ami_4066,active,ami_target_desc_1823
o-dang_ami_4067,active,ami_target_desc_1824
o-dang_ami_4070,active,ami_target_desc_1825
o-dang_ami_4076,active,ami_target_desc_1826
o-dang_ami_4077,active,ami_target_desc_1827
o-dang_ami_4078,active,ami_target_desc_1828
o-dang_ami_4081,active,ami_target_desc_1829
o-dang_ami_4083,active,ami_target_desc_1830
o-dang_ami_4084,passive,ami_target_desc_1831
o-dang_ami_4085,active,ami_target_desc_1832
o-dang_ami_4087,active,ami_target_desc_1833
o-dang_ami_4089,active,ami_target_desc_1834
o-dang_ami_4090,active,ami_target_desc_1835
o-dang_ami_4091,active,ami_target_desc_1836
o-dang_ami_4093,active,ami_target_desc_1837
o-dang_ami_4094,active,ami_target_desc_1838
o-dang_ami_4100,active,ami_target_desc_1839
o-dang_ami_4101,active,ami_target_desc_1840
o-dang_ami_4103,active,ami_target_desc_1841
o-dang_ami_4106,active,ami_target_desc_1842
o-dang_ami_4107,passive,ami_target_desc_1843
o-dang_ami_4108,active,ami_target_desc_1844
o-dang_ami_4113,active,ami_target_desc_1845
o-dang_ami_4117,passive,ami_target_desc_1846
o-dang_ami_4118,active,ami_target_desc_1847
o-dang_ami_4119,passive,ami_target_desc_1848
o-dang_ami_4120,passive,ami_target_desc_1849
o-dang_ami_4121,active,ami_target_desc_1850
o-dang_ami_4122,active,ami_target_desc_1851
o-dang_ami_4123,active,ami_target_desc_1852
o-dang_ami_4124,active,ami_target_desc_1853
o-dang_ami_4127,active,ami_target_desc_1854
o-dang_ami_4130,active,ami_target_desc_1855
o-dang_ami_4133,active,ami_target_desc_1856
o-dang_ami_4134,active,ami_target_desc_1857
o-dang_ami_4135,active,ami_target_desc_1858
o-dang_ami_4138,active,ami_target_desc_1859
o-dang_ami_4140,active,ami_target_desc_1860
o-dang_ami_4141,active,ami_target_desc_1861
o-dang_ami_4142,active,ami_target_desc_1862
o-dang_ami_4143,active,ami_target_desc_1863
o-dang_ami_4146,active,ami_target_desc_1864
o-dang_ami_4147,active,ami_target_desc_1865
o-dang_ami_4150,active,ami_target_desc_1866
o-dang_ami_4154,active,ami_target_desc_1867
o-dang_ami_4155,active,ami_target_desc_1868
o-dang_ami_4156,active,ami_target_desc_1869
o-dang_ami_4157,active,ami_target_desc_1870
o-dang_ami_4160,active,ami_target_desc_1871
o-dang_ami_4161,active,ami_target_desc_1872
o-dang_ami_4163,active,ami_target_desc_1873
o-dang_ami_4164,active,ami_target_desc_1874
o-dang_ami_4167,active,ami_target_desc_1875
o-dang_ami_4168,active,ami_target_desc_1876
o-dang_ami_4171,active,ami_target_desc_1877
o-dang_ami_4173,active,ami_target_desc_1878
o-dang_ami_4174,passive,ami_target_desc_1879
o-dang_ami_4175,active,ami_target_desc_1880
o-dang_ami_4177,passive,ami_target_desc_1881
o-dang_ami_4181,active,ami_target_desc_1882
o-dang_ami_4186,active,ami_target_desc_1883
o-dang_ami_4188,active,ami_target_desc_1884
o-dang_ami_4191,active,ami_target_desc_1885
o-dang_ami_4193,active,ami_target_desc_1886
o-dang_ami_4195,passive,ami_target_desc_1887
o-dang_ami_4202,passive,ami_target_desc_1888
o-dang_ami_4203,active,ami_target_desc_1889
o-dang_ami_4207,active,ami_target_desc_1890
o-dang_ami_4208,active,ami_target_desc_1891
o-dang_ami_4210,active,ami_target_desc_1892
o-dang_ami_4214,passive,ami_target_desc_1893
o-dang_ami_4216,active,ami_target_desc_1894
o-dang_ami_4217,active,ami_target_desc_1895
o-dang_ami_4218,active,ami_target_desc_1896
o-dang_ami_4220,active,ami_target_desc_1897
o-dang_ami_4225,active,ami_target_desc_1898
o-dang_ami_4226,active,ami_target_desc_1899
o-dang_ami_4227,active,ami_target_desc_1900
o-dang_ami_4229,active,ami_target_desc_1901
o-dang_ami_4231,active,ami_target_desc_1902
o-dang_ami_4233,active,ami_target_desc_1903
o-dang_ami_4234,active,ami_target_desc_1904
o-dang_ami_4235,active,ami_target_desc_1905
o-dang_ami_4238,active,ami_target_desc_1906
o-dang_ami_4241,active,ami_target_desc_1907
o-dang_ami_4246,active,ami_target_desc_1908
o-dang_ami_4249,active,ami_target_desc_1909
o-dang_ami_4252,active,ami_target_desc_1910
o-dang_ami_4253,active,ami_target_desc_1911
o-dang_ami_4255,active,ami_target_desc_1912
o-dang_ami_4256,passive,ami_target_desc_1913
o-dang_ami_4257,active,ami_target_desc_1914
o-dang_ami_4260,active,ami_target_desc_1915
o-dang_ami_4262,active,ami_target_desc_1916
o-dang_ami_4263,passive,ami_target_desc_1917
o-dang_ami_4264,active,ami_target_desc_1918
o-dang_ami_4265,active,ami_target_desc_1919
o-dang_ami_4274,active,ami_target_desc_1920
o-dang_ami_4276,passive,ami_target_desc_1921
o-dang_ami_4277,passive,ami_target_desc_1922
o-dang_ami_4279,active,ami_target_desc_1923
o-dang_ami_4283,active,ami_target_desc_1924
o-dang_ami_4284,active,ami_target_desc_1925
o-dang_ami_4285,active,ami_target_desc_1926
o-dang_ami_4287,active,ami_target_desc_1927
o-dang_ami_4289,active,ami_target_desc_1928
o-dang_ami_4292,passive,ami_target_desc_1929
o-dang_ami_4294,passive,ami_target_desc_1930
o-dang_ami_4296,active,ami_target_desc_1931
o-dang_ami_4297,active,ami_target_desc_1932
o-dang_ami_4298,active,ami_target_desc_1933
o-dang_ami_4300,active,ami_target_desc_1934
o-dang_ami_4302,active,ami_target_desc_1935
o-dang_ami_4303,active,ami_target_desc_1936
o-dang_ami_4304,active,ami_target_desc_1937
o-dang_ami_4309,passive,ami_target_desc_1938
o-dang_ami_4310,active,ami_target_desc_1939
o-dang_ami_4311,active,ami_target_desc_1940
o-dang_ami_4313,active,ami_target_desc_1941
o-dang_ami_4314,active,ami_target_desc_1942
o-dang_ami_4316,active,ami_target_desc_1943
o-dang_ami_4317,passive,ami_target_desc_1944
o-dang_ami_4319,active,ami_target_desc_1945
o-dang_ami_4322,active,ami_target_desc_1946
o-dang_ami_4324,active,ami_target_desc_1947
o-dang_ami_4328,passive,ami_target_desc_1948
o-dang_ami_4329,active,ami_target_desc_1949
o-dang_ami_4331,active,ami_target_desc_1950
o-dang_ami_4333,active,ami_target_desc_1951
o-dang_ami_4334,active,ami_target_desc_1952
o-dang_ami_4336,active,ami_target_desc_1953
o-dang_ami_4337,active,ami_target_desc_1954
o-dang_ami_4338,active,ami_target_desc_1955
o-dang_ami_4342,passive,ami_target_desc_1956
o-dang_ami_4345,active,ami_target_desc_1957
o-dang_ami_4347,active,ami_target_desc_1958
o-dang_ami_4348,active,ami_target_desc_1959
o-dang_ami_4350,active,ami_target_desc_1960
o-dang_ami_4353,active,ami_target_desc_1961
o-dang_ami_4354,active,ami_target_desc_1962
o-dang_ami_4355,active,ami_target_desc_1963
o-dang_ami_4356,active,ami_target_desc_1964
o-dang_ami_4357,active,ami_target_desc_1965
o-dang_ami_4359,active,ami_target_desc_1966
o-dang_ami_4360,passive,ami_target_desc_1967
o-dang_ami_4361,active,ami_target_desc_1968
o-dang_ami_4364,active,ami_target_desc_1969
o-dang_ami_4369,active,ami_target_desc_1970
o-dang_ami_4374,active,ami_target_desc_1971
o-dang_ami_4376,active,ami_target_desc_1972
o-dang_ami_4377,active,ami_target_desc_1973
o-dang_ami_4379,active,ami_target_desc_1974
o-dang_ami_4381,active,ami_target_desc_1975
o-dang_ami_4385,active,ami_target_desc_1976
o-dang_ami_4387,active,ami_target_desc_1977
o-dang_ami_4389,active,ami_target_desc_1978
o-dang_ami_4392,active,ami_target_desc_1979
o-dang_ami_4393,active,ami_target_desc_1980
o-dang_ami_4394,active,ami_target_desc_1981
o-dang_ami_4396,active,ami_target_desc_1982
o-dang_ami_4397,active,ami_target_desc_1983
o-dang_ami_4399,active,ami_target_desc_1984
o-dang_ami_4402,active,ami_target_desc_1985
o-dang_ami_4404,active,ami_target_desc_1986
o-dang_ami_4405,active,ami_target_desc_1987
o-dang_ami_4406,active,ami_target_desc_1988
o-dang_ami_4409,active,ami_target_desc_1989
o-dang_ami_4411,active,ami_target_desc_1990
o-dang_ami_4414,active,ami_target_desc_1991
o-dang_ami_4415,active,ami_target_desc_1992
o-dang_ami_4416,active,ami_target_desc_1993
o-dang_ami_4418,active,ami_target_desc_1994
o-dang_ami_4419,passive,ami_target_desc_1995
o-dang_ami_4420,active,ami_target_desc_1996
o-dang_ami_4422,active,ami_target_desc_1997
o-dang_ami_4429,passive,ami_target_desc_1998
o-dang_ami_4431,active,ami_target_desc_1999
o-dang_ami_4435,active,ami_target_desc_2000
o-dang_ami_4436,passive,ami_target_desc_2001
o-dang_ami_4438,active,ami_target_desc_2002
o-dang_ami_4440,active,ami_target_desc_2003
o-dang_ami_4441,active,ami_target_desc_2004
o-dang_ami_4446,active,ami_target_desc_2005
o-dang_ami_4448,active,ami_target_desc_2006
o-dang_ami_4451,passive,ami_target_desc_2007
o-dang_ami_4453,active,ami_target_desc_2008
o-dang_ami_4455,active,ami_target_desc_2009
o-dang_ami_4458,active,ami_target_desc_2010
o-dang_ami_4461,active,ami_target_desc_2011
o-dang_ami_4462,active,ami_target_desc_2012
o-dang_ami_4463,passive,ami_target_desc_2013
o-dang_ami_4476,active,ami_target_desc_2014
o-dang_ami_4477,passive,ami_target_desc_2015
o-dang_ami_4478,passive,ami_target_desc_2016
o-dang_ami_4480,passive,ami_target_desc_2017
o-dang_ami_4482,active,ami_target_desc_2018
o-dang_ami_4483,active,ami_target_desc_2019
o-dang_ami_4484,passive,ami_target_desc_2020
o-dang_ami_4486,active,ami_target_desc_2021
o-dang_ami_4491,active,ami_target_desc_2022
o-dang_ami_4492,active,ami_target_desc_2023
o-dang_ami_4495,active,ami_target_desc_2024
o-dang_ami_4501,active,ami_target_desc_2025
o-dang_ami_4502,active,ami_target_desc_2026
o-dang_ami_4506,active,ami_target_desc_2027
o-dang_ami_4509,active,ami_target_desc_2028
o-dang_ami_4510,active,ami_target_desc_2029
o-dang_ami_4511,active,ami_target_desc_2030
o-dang_ami_4514,active,ami_target_desc_2031
o-dang_ami_4515,active,ami_target_desc_2032
o-dang_ami_4516,active,ami_target_desc_2033
o-dang_ami_4519,active,ami_target_desc_2034
o-dang_ami_4520,active,ami_target_desc_2035
o-dang_ami_4522,active,ami_target_desc_2036
o-dang_ami_4524,passive,ami_target_desc_2037
o-dang_ami_4527,active,ami_target_desc_2038
o-dang_ami_4530,active,ami_target_desc_2039
o-dang_ami_4534,active,ami_target_desc_2040
o-dang_ami_4536,active,ami_target_desc_2041
o-dang_ami_4537,active,ami_target_desc_2042
o-dang_ami_4538,active,ami_target_desc_2043
o-dang_ami_4539,active,ami_target_desc_2044
o-dang_ami_4542,active,ami_target_desc_2045
o-dang_ami_4543,active,ami_target_desc_2046
o-dang_ami_4545,active,ami_target_desc_2047
o-dang_ami_4550,active,ami_target_desc_2048
o-dang_ami_4553,active,ami_target_desc_2049
o-dang_ami_4554,active,ami_target_desc_2050
o-dang_ami_4555,active,ami_target_desc_2051
o-dang_ami_4558,active,ami_target_desc_2052
o-dang_ami_4560,active,ami_target_desc_2053
o-dang_ami_4562,active,ami_target_desc_2054
o-dang_ami_4563,active,ami_target_desc_2055
o-dang_ami_4564,passive,ami_target_desc_2056
o-dang_ami_4565,active,ami_target_desc_2057
o-dang_ami_4566,active,ami_target_desc_2058
o-dang_ami_4567,passive,ami_target_desc_2059
o-dang_ami_4569,passive,ami_target_desc_2060
o-dang_ami_4570,active,ami_target_desc_2061
o-dang_ami_4571,active,ami_target_desc_2062
o-dang_ami_4573,active,ami_target_desc_2063
o-dang_ami_4575,active,ami_target_desc_2064
o-dang_ami_4579,active,ami_target_desc_2065
o-dang_ami_4581,active,ami_target_desc_2066
o-dang_ami_4585,active,ami_target_desc_2067
o-dang_ami_4589,active,ami_target_desc_2068
o-dang_ami_4590,active,ami_target_desc_2069
o-dang_ami_4591,active,ami_target_desc_2070
o-dang_ami_4592,active,ami_target_desc_2071
o-dang_ami_4598,active,ami_target_desc_2072
o-dang_ami_4599,active,ami_target_desc_2073
o-dang_ami_4603,active,ami_target_desc_2074
o-dang_ami_4606,active,ami_target_desc_2075
o-dang_ami_4608,passive,ami_target_desc_2076
o-dang_ami_4610,passive,ami_target_desc_2077
o-dang_ami_4613,passive,ami_target_desc_2078
o-dang_ami_4615,passive,ami_target_desc_2079
o-dang_ami_4617,active,ami_target_desc_2080
o-dang_ami_4618,active,ami_target_desc_2081
o-dang_ami_4619,active,ami_target_desc_2082
o-dang_ami_4620,active,ami_target_desc_2083
o-dang_ami_4621,passive,ami_target_desc_2084
o-dang_ami_4622,active,ami_target_desc_2085
o-dang_ami_4624,active,ami_target_desc_2086
o-dang_ami_4625,active,ami_target_desc_2087
o-dang_ami_4628,passive,ami_target_desc_2088
o-dang_ami_4629,active,ami_target_desc_2089
o-dang_ami_4630,active,ami_target_desc_2090
o-dang_ami_4631,active,ami_target_desc_2091
o-dang_ami_4633,active,ami_target_desc_2092
o-dang_ami_4634,active,ami_target_desc_2093
o-dang_ami_4637,active,ami_target_desc_2094
o-dang_ami_4639,passive,ami_target_desc_2095
o-dang_ami_4645,active,ami_target_desc_2096
o-dang_ami_4647,active,ami_target_desc_2097
o-dang_ami_4650,active,ami_target_desc_2098
o-dang_ami_4651,active,ami_target_desc_2099
o-dang_ami_4655,passive,ami_target_desc_2100
o-dang_ami_4657,active,ami_target_desc_2101
o-dang_ami_4660,active,ami_target_desc_2102
o-dang_ami_4661,active,ami_target_desc_2103
o-dang_ami_4662,active,ami_target_desc_2104
o-dang_ami_4663,active,ami_target_desc_2105
o-dang_ami_4665,active,ami_target_desc_2106
o-dang_ami_4668,active,ami_target_desc_2107
o-dang_ami_4670,active,ami_target_desc_2108
o-dang_ami_4675,passive,ami_target_desc_2109
o-dang_ami_4676,active,ami_target_desc_2110
o-dang_ami_4677,active,ami_target_desc_2111
o-dang_ami_4678,active,ami_target_desc_2112
o-dang_ami_4679,active,ami_target_desc_2113
o-dang_ami_4680,active,ami_target_desc_2114
o-dang_ami_4681,active,ami_target_desc_2115
o-dang_ami_4685,active,ami_target_desc_2116
o-dang_ami_4687,active,ami_target_desc_2117
o-dang_ami_4688,active,ami_target_desc_2118
o-dang_ami_4691,active,ami_target_desc_2119
o-dang_ami_4696,active,ami_target_desc_2120
o-dang_ami_4698,active,ami_target_desc_2121
o-dang_ami_4699,active,ami_target_desc_2122
o-dang_ami_4704,active,ami_target_desc_2123
o-dang_ami_4710,passive,ami_target_desc_2124
o-dang_ami_4712,active,ami_target_desc_2125
o-dang_ami_4716,active,ami_target_desc_2126
o-dang_ami_4719,active,ami_target_desc_2127
o-dang_ami_4721,active,ami_target_desc_2128
o-dang_ami_4723,active,ami_target_desc_2129
o-dang_ami_4725,active,ami_target_desc_2130
o-dang_ami_4728,active,ami_target_desc_2131
o-dang_ami_4729,active,ami_target_desc_2132
o-dang_ami_4731,active,ami_target_desc_2133
o-dang_ami_4737,active,ami_target_desc_2134
o-dang_ami_4738,active,ami_target_desc_2135
o-dang_ami_4739,active,ami_target_desc_2136
o-dang_ami_4744,active,ami_target_desc_2137
o-dang_ami_4746,active,ami_target_desc_2138
o-dang_ami_4751,active,ami_target_desc_2139
o-dang_ami_4757,active,ami_target_desc_2140
o-dang_ami_4759,active,ami_target_desc_2141
o-dang_ami_4760,active,ami_target_desc_2142
o-dang_ami_4761,active,ami_target_desc_2143
o-dang_ami_4763,active,ami_target_desc_2144
o-dang_ami_4764,active,ami_target_desc_2145
o-dang_ami_4765,passive,ami_target_desc_2146
o-dang_ami_4769,active,ami_target_desc_2147
o-dang_ami_4770,active,ami_target_desc_2148
o-dang_ami_4773,active,ami_target_desc_2149
o-dang_ami_4775,active,ami_target_desc_2150
o-dang_ami_4777,active,ami_target_desc_2151
o-dang_ami_4778,active,ami_target_desc_2152
o-dang_ami_4781,active,ami_target_desc_2153
o-dang_ami_4782,active,ami_target_desc_2154
o-dang_ami_4787,passive,ami_target_desc_2155
o-dang_ami_4790,active,ami_target_desc_2156
o-dang_ami_4791,active,ami_target_desc_2157
o-dang_ami_4792,active,ami_target_desc_2158
o-dang_ami_4794,active,ami_target_desc_2159
o-dang_ami_4795,active,ami_target_desc_2160
o-dang_ami_4796,active,ami_target_desc_2161
o-dang_ami_4798,active,ami_target_desc_2162
o-dang_ami_4799,active,ami_target_desc_2163
o-dang_ami_4800,active,ami_target_desc_2164
o-dang_ami_4801,active,ami_target_desc_2165
o-dang_ami_4802,active,ami_target_desc_2166
o-dang_ami_4803,active,ami_target_desc_2167
o-dang_ami_4804,active,ami_target_desc_2168
o-dang_ami_4807,active,ami_target_desc_2169
o-dang_ami_4812,active,ami_target_desc_2170
o-dang_ami_4814,active,ami_target_desc_2171
o-dang_ami_4815,active,ami_target_desc_2172
o-dang_ami_4821,active,ami_target_desc_2173
o-dang_ami_4822,passive,ami_target_desc_2174
o-dang_ami_4824,active,ami_target_desc_2175
o-dang_ami_4825,active,ami_target_desc_2176
o-dang_ami_4829,active,ami_target_desc_2177
o-dang_ami_4830,active,ami_target_desc_2178
o-dang_ami_4831,active,ami_target_desc_2179
o-dang_ami_4833,active,ami_target_desc_2180
o-dang_ami_4834,active,ami_target_desc_2181
o-dang_ami_4835,active,ami_target_desc_2182
o-dang_ami_4838,active,ami_target_desc_2183
o-dang_ami_4839,active,ami_target_desc_2184
o-dang_ami_4841,passive,ami_target_desc_2185
o-dang_ami_4842,active,ami_target_desc_2186
o-dang_ami_4844,active,ami_target_desc_2187
o-dang_ami_4845,active,ami_target_desc_2188
o-dang_ami_4847,active,ami_target_desc_2189
o-dang_ami_4849,active,ami_target_desc_2190
o-dang_ami_4853,active,ami_target_desc_2191
o-dang_ami_4855,active,ami_target_desc_2192
o-dang_ami_4859,active,ami_target_desc_2193
o-dang_ami_4860,active,ami_target_desc_2194
o-dang_ami_4861,active,ami_target_desc_2195
o-dang_ami_4863,active,ami_target_desc_2196
o-dang_ami_4864,passive,ami_target_desc_2197
o-dang_ami_4867,active,ami_target_desc_2198
o-dang_ami_4870,active,ami_target_desc_2199
o-dang_ami_4871,active,ami_target_desc_2200
o-dang_ami_4873,active,ami_target_desc_2201
o-dang_ami_4874,active,ami_target_desc_2202
o-dang_ami_4876,active,ami_target_desc_2203
o-dang_ami_4877,active,ami_target_desc_2204
o-dang_ami_4879,active,ami_target_desc_2205
o-dang_ami_4887,active,ami_target_desc_2206
o-dang_ami_4890,passive,ami_target_desc_2207
o-dang_ami_4891,active,ami_target_desc_2208
o-dang_ami_4894,active,ami_target_desc_2209
o-dang_ami_4898,passive,ami_target_desc_2210
o-dang_ami_4902,active,ami_target_desc_2211
o-dang_ami_4904,active,ami_target_desc_2212
o-dang_ami_4906,active,ami_target_desc_2213
o-dang_ami_4907,active,ami_target_desc_2214
o-dang_ami_4909,passive,ami_target_desc_2215
o-dang_ami_4911,active,ami_target_desc_2216
o-dang_ami_4912,active,ami_target_desc_2217
o-dang_ami_4915,passive,ami_target_desc_2218
o-dang_ami_4918,active,ami_target_desc_2219
o-dang_ami_4919,active,ami_target_desc_2220
o-dang_ami_4921,active,ami_target_desc_2221
o-dang_ami_4922,active,ami_target_desc_2222
o-dang_ami_4923,active,ami_target_desc_2223
o-dang_ami_4924,active,ami_target_desc_2224
o-dang_ami_4925,active,ami_target_desc_2225
o-dang_ami_4926,active,ami_target_desc_2226
o-dang_ami_4927,active,ami_target_desc_2227
o-dang_ami_4928,active,ami_target_desc_2228
o-dang_ami_4930,active,ami_target_desc_2229
o-dang_ami_4932,active,ami_target_desc_2230
o-dang_ami_4934,active,ami_target_desc_2231
o-dang_ami_4937,active,ami_target_desc_2232
o-dang_ami_4939,passive,ami_target_desc_2233
o-dang_ami_4942,active,ami_target_desc_2234
o-dang_ami_4943,passive,ami_target_desc_2235
o-dang_ami_4947,active,ami_target_desc_2236
o-dang_ami_4948,passive,ami_target_desc_2237
o-dang_ami_4954,active,ami_target_desc_2238
o-dang_ami_4955,active,ami_target_desc_2239
o-dang_ami_4957,active,ami_target_desc_2240
o-dang_ami_4960,active,ami_target_desc_2241
o-dang_ami_4961,active,ami_target_desc_2242
o-dang_ami_4963,active,ami_target_desc_2243
o-dang_ami_4964,active,ami_target_desc_2244
